ENSG,Gene,Pathway
ENSG00000148584,A1CF,Not Annotated
ENSG00000204518,AADACL4,Not Annotated
ENSG00000154263,ABCA10,Not Annotated
ENSG00000179869,ABCA13,Not Annotated
ENSG00000064687,ABCA7,Not Annotated
ENSG00000085563,ABCB1,Not Annotated
ENSG00000004846,ABCB5,Not Annotated
ENSG00000114770,ABCC5,Not Annotated
ENSG00000069431,ABCC9,Not Annotated
ENSG00000101986,ABCD1,Not Annotated
ENSG00000033050,ABCF2,Not Annotated
ENSG00000143921,ABCG8,Not Annotated
ENSG00000136754,ABI1,Not Annotated
ENSG00000108798,ABI3,Not Annotated
ENSG00000097007,ABL1,Not Annotated
ENSG00000143322,ABL2,Not Annotated
ENSG00000163995,ABLIM2,Not Annotated
ENSG00000157766,ACAN,Not Annotated
ENSG00000102977,ACD,Not Annotated
ENSG00000159640,ACE,Not Annotated
ENSG00000144476,ACKR3,Not Annotated
ENSG00000122729,ACO1,Not Annotated
ENSG00000153093,ACOXL,Not Annotated
ENSG00000123983,ACSL3,Not Annotated
ENSG00000164398,ACSL6,Not Annotated
ENSG00000166743,ACSM1,Not Annotated
ENSG00000183747,ACSM2A,Not Annotated
ENSG00000075624,ACTB,Not Annotated
ENSG00000184009,ACTG1,Not Annotated
ENSG00000077080,ACTL6B,Not Annotated
ENSG00000148156,ACTL7B,Not Annotated
ENSG00000115170,ACVR1,Not Annotated
ENSG00000135503,ACVR1B,Not Annotated
ENSG00000121989,ACVR2A,Not Annotated
ENSG00000114739,ACVR2B,Not Annotated
ENSG00000137845,ADAM10,Not Annotated
ENSG00000104755,ADAM2,Not Annotated
ENSG00000008277,ADAM22,Not Annotated
ENSG00000168594,ADAM29,Not Annotated
ENSG00000069206,ADAM7,Not Annotated
ENSG00000151388,ADAMTS12,Not Annotated
ENSG00000140470,ADAMTS17,Not Annotated
ENSG00000140873,ADAMTS18,Not Annotated
ENSG00000173157,ADAMTS20,Not Annotated
ENSG00000156140,ADAMTS3,Not Annotated
ENSG00000049192,ADAMTS6,Not Annotated
ENSG00000163638,ADAMTS9,Not Annotated
ENSG00000156218,ADAMTSL3,Not Annotated
ENSG00000063761,ADCK1,Not Annotated
ENSG00000164742,ADCY1,Not Annotated
ENSG00000155897,ADCY8,Not Annotated
ENSG00000075340,ADD2,Not Annotated
ENSG00000148700,ADD3,Not Annotated
ENSG00000197177,ADGRA1,Not Annotated
ENSG00000135298,ADGRB3,Not Annotated
ENSG00000111452,ADGRD1,Not Annotated
ENSG00000156920,ADGRG4,Not Annotated
ENSG00000072071,ADGRL1,Not Annotated
ENSG00000117114,ADGRL2,Not Annotated
ENSG00000150471,ADGRL3,Not Annotated
ENSG00000164199,ADGRV1,Not Annotated
ENSG00000196616,ADH1B,Not Annotated
ENSG00000101126,ADNP,Not Annotated
ENSG00000120907,ADRA1A,Not Annotated
ENSG00000130396,AFDN,Not Annotated
ENSG00000172493,AFF1,Not Annotated
ENSG00000155966,AFF2,Not Annotated
ENSG00000144218,AFF3,Not Annotated
ENSG00000072364,AFF4,Not Annotated
ENSG00000079557,AFM,Not Annotated
ENSG00000183077,AFMID,Not Annotated
ENSG00000165923,AGBL2,Not Annotated
ENSG00000134698,AGO4,Not Annotated
ENSG00000180772,AGTR2,Not Annotated
ENSG00000153207,AHCTF1,Not Annotated
ENSG00000135541,AHI1,Not Annotated
ENSG00000124942,AHNAK,Not Annotated
ENSG00000185567,AHNAK2,Not Annotated
ENSG00000196581,AJAP1,Not Annotated
ENSG00000129474,AJUBA,Not Annotated
ENSG00000023516,AKAP11,Not Annotated
ENSG00000170776,AKAP13,Not Annotated
ENSG00000151320,AKAP6,Not Annotated
ENSG00000105127,AKAP8,Not Annotated
ENSG00000127914,AKAP9,Not Annotated
ENSG00000198074,AKR1B10,Not Annotated
ENSG00000142208,AKT1,Not Annotated
ENSG00000105221,AKT2,Not Annotated
ENSG00000117020,AKT3,Not Annotated
ENSG00000163631,ALB,Not Annotated
ENSG00000111275,ALDH2,Not Annotated
ENSG00000171094,ALK,Not Annotated
ENSG00000239382,ALKBH6,Not Annotated
ENSG00000151360,ALLC,Not Annotated
ENSG00000116127,ALMS1,Not Annotated
ENSG00000108839,ALOX12,Not Annotated
ENSG00000198796,ALPK2,Not Annotated
ENSG00000178038,ALS2CL,Not Annotated
ENSG00000184675,AMER1,Not Annotated
ENSG00000166025,AMOTL1,Not Annotated
ENSG00000078053,AMPH,Not Annotated
ENSG00000240038,AMY2B,Not Annotated
ENSG00000154188,ANGPT1,Not Annotated
ENSG00000029534,ANK1,Not Annotated
ENSG00000145362,ANK2,Not Annotated
ENSG00000151150,ANK3,Not Annotated
ENSG00000176915,ANKLE2,Not Annotated
ENSG00000101745,ANKRD12,Not Annotated
ENSG00000132466,ANKRD17,Not Annotated
ENSG00000089847,ANKRD24,Not Annotated
ENSG00000107890,ANKRD26,Not Annotated
ENSG00000135976,ANKRD36,Not Annotated
ENSG00000151572,ANO4,Not Annotated
ENSG00000166825,ANPEP,Not Annotated
ENSG00000138356,AOX1,Not Annotated
ENSG00000134982,APC,Not Annotated
ENSG00000134817,APLNR,Not Annotated
ENSG00000084674,APOB,Not Annotated
ENSG00000124701,APOBEC2,Not Annotated
ENSG00000179750,APOBEC3B,Not Annotated
ENSG00000128335,APOL2,Not Annotated
ENSG00000184945,AQP12A,Not Annotated
ENSG00000169083,AR,Not Annotated
ENSG00000078061,ARAF,Not Annotated
ENSG00000109321,AREG,Not Annotated
ENSG00000145819,ARHGAP26,Not Annotated
ENSG00000088756,ARHGAP28,Not Annotated
ENSG00000134909,ARHGAP32,Not Annotated
ENSG00000160007,ARHGAP35,Not Annotated
ENSG00000089820,ARHGAP4,Not Annotated
ENSG00000100852,ARHGAP5,Not Annotated
ENSG00000104728,ARHGEF10,Not Annotated
ENSG00000074964,ARHGEF10L,Not Annotated
ENSG00000196914,ARHGEF12,Not Annotated
ENSG00000117713,ARID1A,Not Annotated
ENSG00000049618,ARID1B,Not Annotated
ENSG00000189079,ARID2,Not Annotated
ENSG00000179361,ARID3B,Not Annotated
ENSG00000150347,ARID5B,Not Annotated
ENSG00000166233,ARIH1,Not Annotated
ENSG00000221883,ARIH2OS,Not Annotated
ENSG00000120029,ARMH3,Not Annotated
ENSG00000143437,ARNT,Not Annotated
ENSG00000172379,ARNT2,Not Annotated
ENSG00000130429,ARPC1B,Not Annotated
ENSG00000205784,ARRDC5,Not Annotated
ENSG00000006756,ARSD,Not Annotated
ENSG00000146809,ASB15,Not Annotated
ENSG00000116539,ASH1L,Not Annotated
ENSG00000126522,ASL,Not Annotated
ENSG00000066279,ASPM,Not Annotated
ENSG00000169696,ASPSCR1,Not Annotated
ENSG00000152092,ASTN1,Not Annotated
ENSG00000148219,ASTN2,Not Annotated
ENSG00000171456,ASXL1,Not Annotated
ENSG00000143970,ASXL2,Not Annotated
ENSG00000141431,ASXL3,Not Annotated
ENSG00000156802,ATAD2,Not Annotated
ENSG00000123268,ATF1,Not Annotated
ENSG00000171681,ATF7IP,Not Annotated
ENSG00000175224,ATG13,Not Annotated
ENSG00000110046,ATG2A,Not Annotated
ENSG00000197548,ATG7,Not Annotated
ENSG00000138363,ATIC,Not Annotated
ENSG00000149311,ATM,Not Annotated
ENSG00000206190,ATP10A,Not Annotated
ENSG00000118322,ATP10B,Not Annotated
ENSG00000145246,ATP10D,Not Annotated
ENSG00000163399,ATP1A1,Not Annotated
ENSG00000174437,ATP2A2,Not Annotated
ENSG00000067842,ATP2B3,Not Annotated
ENSG00000064270,ATP2C2,Not Annotated
ENSG00000105675,ATP4A,Not Annotated
ENSG00000110955,ATP5F1B,Not Annotated
ENSG00000147416,ATP6V1B2,Not Annotated
ENSG00000143515,ATP8B2,Not Annotated
ENSG00000175054,ATR,Not Annotated
ENSG00000085224,ATRX,Not Annotated
ENSG00000124788,ATXN1,Not Annotated
ENSG00000066427,ATXN3,Not Annotated
ENSG00000123594,ATXN3L,Not Annotated
ENSG00000087586,AURKA,Not Annotated
ENSG00000103126,AXIN1,Not Annotated
ENSG00000168646,AXIN2,Not Annotated
ENSG00000160862,AZGP1,Not Annotated
ENSG00000155096,AZIN1,Not Annotated
ENSG00000166710,B2M,Not Annotated
ENSG00000158850,B4GALT3,Not Annotated
ENSG00000105393,BABAM1,Not Annotated
ENSG00000158019,BABAM2,Not Annotated
ENSG00000125888,BANF2,Not Annotated
ENSG00000163930,BAP1,Not Annotated
ENSG00000138376,BARD1,Not Annotated
ENSG00000087088,BAX,Not Annotated
ENSG00000198604,BAZ1A,Not Annotated
ENSG00000076108,BAZ2A,Not Annotated
ENSG00000123636,BAZ2B,Not Annotated
ENSG00000142867,BCL10,Not Annotated
ENSG00000119866,BCL11A,Not Annotated
ENSG00000127152,BCL11B,Not Annotated
ENSG00000171791,BCL2,Not Annotated
ENSG00000137875,BCL2L10,Not Annotated
ENSG00000153094,BCL2L11,Not Annotated
ENSG00000126453,BCL2L12,Not Annotated
ENSG00000069399,BCL3,Not Annotated
ENSG00000113916,BCL6,Not Annotated
ENSG00000110987,BCL7A,Not Annotated
ENSG00000116128,BCL9,Not Annotated
ENSG00000186174,BCL9L,Not Annotated
ENSG00000029363,BCLAF1,Not Annotated
ENSG00000183337,BCOR,Not Annotated
ENSG00000085185,BCORL1,Not Annotated
ENSG00000186716,BCR,Not Annotated
ENSG00000132840,BHMT2,Not Annotated
ENSG00000063169,BICRA,Not Annotated
ENSG00000023445,BIRC3,Not Annotated
ENSG00000115760,BIRC6,Not Annotated
ENSG00000197299,BLM,Not Annotated
ENSG00000112175,BMP5,Not Annotated
ENSG00000107779,BMPR1A,Not Annotated
ENSG00000173068,BNC2,Not Annotated
ENSG00000144857,BOC,Not Annotated
ENSG00000176720,BOK,Not Annotated
ENSG00000125999,BPIFB1,Not Annotated
ENSG00000171634,BPTF,Not Annotated
ENSG00000157764,BRAF,Not Annotated
ENSG00000012048,BRCA1,Not Annotated
ENSG00000139618,BRCA2,Not Annotated
ENSG00000185515,BRCC3,Not Annotated
ENSG00000169925,BRD3,Not Annotated
ENSG00000141867,BRD4,Not Annotated
ENSG00000166164,BRD7,Not Annotated
ENSG00000112983,BRD8,Not Annotated
ENSG00000162670,BRINP3,Not Annotated
ENSG00000136492,BRIP1,Not Annotated
ENSG00000156983,BRPF1,Not Annotated
ENSG00000096070,BRPF3,Not Annotated
ENSG00000160469,BRSK1,Not Annotated
ENSG00000133639,BTG1,Not Annotated
ENSG00000159388,BTG2,Not Annotated
ENSG00000010671,BTK,Not Annotated
ENSG00000186265,BTLA,Not Annotated
ENSG00000186470,BTN3A2,Not Annotated
ENSG00000168903,BTNL3,Not Annotated
ENSG00000156970,BUB1B,Not Annotated
ENSG00000204683,C10orf113,Not Annotated
ENSG00000166920,C15orf48,Not Annotated
ENSG00000261652,C15orf65,Not Annotated
ENSG00000175262,C1orf127,Not Annotated
ENSG00000144119,C1QL2,Not Annotated
ENSG00000168014,C2CD3,Not Annotated
ENSG00000183186,C2CD4C,Not Annotated
ENSG00000155754,C2CD6,Not Annotated
ENSG00000125730,C3,Not Annotated
ENSG00000187068,C3orf70,Not Annotated
ENSG00000112539,C6orf118,Not Annotated
ENSG00000204564,C6orf136,Not Annotated
ENSG00000204387,C6orf48,Not Annotated
ENSG00000153790,C7orf31,Not Annotated
ENSG00000099991,CABIN1,Not Annotated
ENSG00000134508,CABLES1,Not Annotated
ENSG00000158966,CACHD1,Not Annotated
ENSG00000141837,CACNA1A,Not Annotated
ENSG00000151067,CACNA1C,Not Annotated
ENSG00000157388,CACNA1D,Not Annotated
ENSG00000198216,CACNA1E,Not Annotated
ENSG00000196557,CACNA1H,Not Annotated
ENSG00000153956,CACNA2D1,Not Annotated
ENSG00000004948,CALCR,Not Annotated
ENSG00000122786,CALD1,Not Annotated
ENSG00000179218,CALR,Not Annotated
ENSG00000110931,CAMKK2,Not Annotated
ENSG00000171735,CAMTA1,Not Annotated
ENSG00000171302,CANT1,Not Annotated
ENSG00000112186,CAP2,Not Annotated
ENSG00000100065,CARD10,Not Annotated
ENSG00000198286,CARD11,Not Annotated
ENSG00000132357,CARD6,Not Annotated
ENSG00000138380,CARF,Not Annotated
ENSG00000172508,CARNS1,Not Annotated
ENSG00000110619,CARS,Not Annotated
ENSG00000164305,CASP3,Not Annotated
ENSG00000064012,CASP8,Not Annotated
ENSG00000132906,CASP9,Not Annotated
ENSG00000130940,CASZ1,Not Annotated
ENSG00000099625,CBARP,Not Annotated
ENSG00000129993,CBFA2T3,Not Annotated
ENSG00000067955,CBFB,Not Annotated
ENSG00000110395,CBL,Not Annotated
ENSG00000114423,CBLB,Not Annotated
ENSG00000142273,CBLC,Not Annotated
ENSG00000196873,CBWD3,Not Annotated
ENSG00000132024,CC2D1A,Not Annotated
ENSG00000135736,CCDC102A,Not Annotated
ENSG00000150636,CCDC102B,Not Annotated
ENSG00000147144,CCDC120,Not Annotated
ENSG00000175820,CCDC168,Not Annotated
ENSG00000166960,CCDC178,Not Annotated
ENSG00000024862,CCDC28A,Not Annotated
ENSG00000108091,CCDC6,Not Annotated
ENSG00000104983,CCDC61,Not Annotated
ENSG00000173093,CCDC63,Not Annotated
ENSG00000149201,CCDC81,Not Annotated
ENSG00000115355,CCDC88A,Not Annotated
ENSG00000197651,CCER1,Not Annotated
ENSG00000110148,CCKBR,Not Annotated
ENSG00000100814,CCNB1IP1,Not Annotated
ENSG00000157456,CCNB2,Not Annotated
ENSG00000112237,CCNC,Not Annotated
ENSG00000110092,CCND1,Not Annotated
ENSG00000118971,CCND2,Not Annotated
ENSG00000112576,CCND3,Not Annotated
ENSG00000105173,CCNE1,Not Annotated
ENSG00000118816,CCNI,Not Annotated
ENSG00000163660,CCNL1,Not Annotated
ENSG00000262919,CCNQ,Not Annotated
ENSG00000183813,CCR4,Not Annotated
ENSG00000160791,CCR5,Not Annotated
ENSG00000126353,CCR7,Not Annotated
ENSG00000132141,CCT6B,Not Annotated
ENSG00000198445,CCT8L2,Not Annotated
ENSG00000177675,CD163L1,Not Annotated
ENSG00000158485,CD1B,Not Annotated
ENSG00000158473,CD1D,Not Annotated
ENSG00000091972,CD200,Not Annotated
ENSG00000090659,CD209,Not Annotated
ENSG00000120217,CD274,Not Annotated
ENSG00000178562,CD28,Not Annotated
ENSG00000135218,CD36,Not Annotated
ENSG00000117877,CD3EAP,Not Annotated
ENSG00000116815,CD58,Not Annotated
ENSG00000125726,CD70,Not Annotated
ENSG00000019582,CD74,Not Annotated
ENSG00000105369,CD79A,Not Annotated
ENSG00000007312,CD79B,Not Annotated
ENSG00000112149,CD83,Not Annotated
ENSG00000158402,CDC25C,Not Annotated
ENSG00000004897,CDC27,Not Annotated
ENSG00000070831,CDC42,Not Annotated
ENSG00000198752,CDC42BPB,Not Annotated
ENSG00000171219,CDC42BPG,Not Annotated
ENSG00000134371,CDC73,Not Annotated
ENSG00000039068,CDH1,Not Annotated
ENSG00000040731,CDH10,Not Annotated
ENSG00000140937,CDH11,Not Annotated
ENSG00000154162,CDH12,Not Annotated
ENSG00000140945,CDH13,Not Annotated
ENSG00000079112,CDH17,Not Annotated
ENSG00000145526,CDH18,Not Annotated
ENSG00000071991,CDH19,Not Annotated
ENSG00000170558,CDH2,Not Annotated
ENSG00000107736,CDH23,Not Annotated
ENSG00000139880,CDH24,Not Annotated
ENSG00000113100,CDH9,Not Annotated
ENSG00000148600,CDHR1,Not Annotated
ENSG00000074276,CDHR2,Not Annotated
ENSG00000128536,CDHR3,Not Annotated
ENSG00000167258,CDK12,Not Annotated
ENSG00000065883,CDK13,Not Annotated
ENSG00000058091,CDK14,Not Annotated
ENSG00000135446,CDK4,Not Annotated
ENSG00000105810,CDK6,Not Annotated
ENSG00000124762,CDKN1A,Not Annotated
ENSG00000111276,CDKN1B,Not Annotated
ENSG00000147889,CDKN2A,Not Annotated
ENSG00000168564,CDKN2AIP,Not Annotated
ENSG00000147883,CDKN2B,Not Annotated
ENSG00000123080,CDKN2C,Not Annotated
ENSG00000064309,CDON,Not Annotated
ENSG00000165556,CDX2,Not Annotated
ENSG00000131264,CDX4,Not Annotated
ENSG00000153046,CDYL,Not Annotated
ENSG00000245848,CEBPA,Not Annotated
ENSG00000139610,CELA1,Not Annotated
ENSG00000101489,CELF4,Not Annotated
ENSG00000008300,CELSR3,Not Annotated
ENSG00000117724,CENPF,Not Annotated
ENSG00000151849,CENPJ,Not Annotated
ENSG00000103995,CEP152,Not Annotated
ENSG00000143702,CEP170,Not Annotated
ENSG00000101624,CEP76,Not Annotated
ENSG00000173588,CEP83,Not Annotated
ENSG00000121289,CEP89,Not Annotated
ENSG00000213085,CFAP45,Not Annotated
ENSG00000165164,CFAP47,Not Annotated
ENSG00000188596,CFAP54,Not Annotated
ENSG00000156042,CFAP70,Not Annotated
ENSG00000142609,CFAP74,Not Annotated
ENSG00000080910,CFHR2,Not Annotated
ENSG00000170791,CHCHD7,Not Annotated
ENSG00000153922,CHD1,Not Annotated
ENSG00000173575,CHD2,Not Annotated
ENSG00000170004,CHD3,Not Annotated
ENSG00000111642,CHD4,Not Annotated
ENSG00000116254,CHD5,Not Annotated
ENSG00000124177,CHD6,Not Annotated
ENSG00000171316,CHD7,Not Annotated
ENSG00000100888,CHD8,Not Annotated
ENSG00000177200,CHD9,Not Annotated
ENSG00000183765,CHEK2,Not Annotated
ENSG00000100604,CHGA,Not Annotated
ENSG00000109220,CHIC2,Not Annotated
ENSG00000083937,CHMP2B,Not Annotated
ENSG00000033100,CHPF2,Not Annotated
ENSG00000111666,CHPT1,Not Annotated
ENSG00000175264,CHST1,Not Annotated
ENSG00000115526,CHST10,Not Annotated
ENSG00000171310,CHST11,Not Annotated
ENSG00000079432,CIC,Not Annotated
ENSG00000179583,CIITA,Not Annotated
ENSG00000074054,CLASP1,Not Annotated
ENSG00000163539,CLASP2,Not Annotated
ENSG00000073464,CLCN4,Not Annotated
ENSG00000103249,CLCN7,Not Annotated
ENSG00000261210,CLEC19A,Not Annotated
ENSG00000130779,CLIP1,Not Annotated
ENSG00000106665,CLIP2,Not Annotated
ENSG00000179335,CLK3,Not Annotated
ENSG00000172409,CLP1,Not Annotated
ENSG00000158258,CLSTN2,Not Annotated
ENSG00000141367,CLTC,Not Annotated
ENSG00000070371,CLTCL1,Not Annotated
ENSG00000174600,CMKLR1,Not Annotated
ENSG00000180917,CMTR2,Not Annotated
ENSG00000176571,CNBD1,Not Annotated
ENSG00000169714,CNBP,Not Annotated
ENSG00000132259,CNGA4,Not Annotated
ENSG00000142675,CNKSR1,Not Annotated
ENSG00000125107,CNOT1,Not Annotated
ENSG00000088038,CNOT3,Not Annotated
ENSG00000144580,CNOT9,Not Annotated
ENSG00000044459,CNTLN,Not Annotated
ENSG00000018236,CNTN1,Not Annotated
ENSG00000144619,CNTN4,Not Annotated
ENSG00000149972,CNTN5,Not Annotated
ENSG00000134115,CNTN6,Not Annotated
ENSG00000108797,CNTNAP1,Not Annotated
ENSG00000174469,CNTNAP2,Not Annotated
ENSG00000106714,CNTNAP3,Not Annotated
ENSG00000155052,CNTNAP5,Not Annotated
ENSG00000119397,CNTRL,Not Annotated
ENSG00000060718,COL11A1,Not Annotated
ENSG00000111799,COL12A1,Not Annotated
ENSG00000187955,COL14A1,Not Annotated
ENSG00000108821,COL1A1,Not Annotated
ENSG00000164692,COL1A2,Not Annotated
ENSG00000169436,COL22A1,Not Annotated
ENSG00000188517,COL25A1,Not Annotated
ENSG00000139219,COL2A1,Not Annotated
ENSG00000168542,COL3A1,Not Annotated
ENSG00000187498,COL4A1,Not Annotated
ENSG00000134871,COL4A2,Not Annotated
ENSG00000130635,COL5A1,Not Annotated
ENSG00000080573,COL5A3,Not Annotated
ENSG00000163359,COL6A3,Not Annotated
ENSG00000206384,COL6A6,Not Annotated
ENSG00000114270,COL7A1,Not Annotated
ENSG00000049089,COL9A2,Not Annotated
ENSG00000164919,COX6C,Not Annotated
ENSG00000107864,CPEB3,Not Annotated
ENSG00000214078,CPNE1,Not Annotated
ENSG00000104324,CPQ,Not Annotated
ENSG00000021826,CPS1,Not Annotated
ENSG00000134376,CRB1,Not Annotated
ENSG00000118260,CREB1,Not Annotated
ENSG00000157613,CREB3L1,Not Annotated
ENSG00000182158,CREB3L2,Not Annotated
ENSG00000060566,CREB3L3,Not Annotated
ENSG00000143578,CREB3L4,Not Annotated
ENSG00000005339,CREBBP,Not Annotated
ENSG00000137504,CREBZF,Not Annotated
ENSG00000205755,CRLF2,Not Annotated
ENSG00000101343,CRNKL1,Not Annotated
ENSG00000109943,CRTAM,Not Annotated
ENSG00000105662,CRTC1,Not Annotated
ENSG00000140577,CRTC3,Not Annotated
ENSG00000009307,CSDE1,Not Annotated
ENSG00000182578,CSF1R,Not Annotated
ENSG00000119535,CSF3R,Not Annotated
ENSG00000136488,CSH1,Not Annotated
ENSG00000183117,CSMD1,Not Annotated
ENSG00000121904,CSMD2,Not Annotated
ENSG00000164796,CSMD3,Not Annotated
ENSG00000113712,CSNK1A1,Not Annotated
ENSG00000101266,CSNK2A1,Not Annotated
ENSG00000204435,CSNK2B,Not Annotated
ENSG00000173546,CSPG4,Not Annotated
ENSG00000102974,CTCF,Not Annotated
ENSG00000175826,CTDNEP1,Not Annotated
ENSG00000134030,CTIF,Not Annotated
ENSG00000044115,CTNNA1,Not Annotated
ENSG00000066032,CTNNA2,Not Annotated
ENSG00000183230,CTNNA3,Not Annotated
ENSG00000168036,CTNNB1,Not Annotated
ENSG00000198561,CTNND1,Not Annotated
ENSG00000169862,CTNND2,Not Annotated
ENSG00000163131,CTSS,Not Annotated
ENSG00000107611,CUBN,Not Annotated
ENSG00000055130,CUL1,Not Annotated
ENSG00000036257,CUL3,Not Annotated
ENSG00000158290,CUL4B,Not Annotated
ENSG00000044090,CUL7,Not Annotated
ENSG00000112659,CUL9,Not Annotated
ENSG00000257923,CUX1,Not Annotated
ENSG00000168329,CX3CR1,Not Annotated
ENSG00000121966,CXCR4,Not Annotated
ENSG00000273749,CYFIP1,Not Annotated
ENSG00000083799,CYLD,Not Annotated
ENSG00000198077,CYP2A7,Not Annotated
ENSG00000138115,CYP2C8,Not Annotated
ENSG00000138109,CYP2C9,Not Annotated
ENSG00000130649,CYP2E1,Not Annotated
ENSG00000171954,CYP4F22,Not Annotated
ENSG00000172817,CYP7B1,Not Annotated
ENSG00000152207,CYSLTR2,Not Annotated
ENSG00000276644,DACH1,Not Annotated
ENSG00000126733,DACH2,Not Annotated
ENSG00000110887,DAO,Not Annotated
ENSG00000204209,DAXX,Not Annotated
ENSG00000071626,DAZAP1,Not Annotated
ENSG00000138231,DBR1,Not Annotated
ENSG00000145041,DCAF1,Not Annotated
ENSG00000198354,DCAF12L2,Not Annotated
ENSG00000176566,DCAF4L2,Not Annotated
ENSG00000187323,DCC,Not Annotated
ENSG00000166341,DCHS1,Not Annotated
ENSG00000133083,DCLK1,Not Annotated
ENSG00000152457,DCLRE1C,Not Annotated
ENSG00000164935,DCSTAMP,Not Annotated
ENSG00000129187,DCTD,Not Annotated
ENSG00000204843,DCTN1,Not Annotated
ENSG00000134574,DDB2,Not Annotated
ENSG00000175197,DDIT3,Not Annotated
ENSG00000162733,DDR2,Not Annotated
ENSG00000178105,DDX10,Not Annotated
ENSG00000109832,DDX25,Not Annotated
ENSG00000215301,DDX3X,Not Annotated
ENSG00000183258,DDX41,Not Annotated
ENSG00000108654,DDX5,Not Annotated
ENSG00000185163,DDX51,Not Annotated
ENSG00000111364,DDX55,Not Annotated
ENSG00000110367,DDX6,Not Annotated
ENSG00000181381,DDX60L,Not Annotated
ENSG00000215547,DEFB115,Not Annotated
ENSG00000124795,DEK,Not Annotated
ENSG00000198837,DENND4B,Not Annotated
ENSG00000128191,DGCR8,Not Annotated
ENSG00000065357,DGKA,Not Annotated
ENSG00000157680,DGKI,Not Annotated
ENSG00000132153,DHX30,Not Annotated
ENSG00000108771,DHX58,Not Annotated
ENSG00000135829,DHX9,Not Annotated
ENSG00000131504,DIAPH1,Not Annotated
ENSG00000147202,DIAPH2,Not Annotated
ENSG00000100697,DICER1,Not Annotated
ENSG00000151240,DIP2C,Not Annotated
ENSG00000083520,DIS3,Not Annotated
ENSG00000140323,DISP2,Not Annotated
ENSG00000164741,DLC1,Not Annotated
ENSG00000008226,DLEC1,Not Annotated
ENSG00000082458,DLG3,Not Annotated
ENSG00000185559,DLK1,Not Annotated
ENSG00000198719,DLL1,Not Annotated
ENSG00000198947,DMD,Not Annotated
ENSG00000172869,DMXL1,Not Annotated
ENSG00000164818,DNAAF5,Not Annotated
ENSG00000114841,DNAH1,Not Annotated
ENSG00000105877,DNAH11,Not Annotated
ENSG00000174844,DNAH12,Not Annotated
ENSG00000185842,DNAH14,Not Annotated
ENSG00000183914,DNAH2,Not Annotated
ENSG00000158486,DNAH3,Not Annotated
ENSG00000039139,DNAH5,Not Annotated
ENSG00000118997,DNAH7,Not Annotated
ENSG00000007174,DNAH9,Not Annotated
ENSG00000132002,DNAJB1,Not Annotated
ENSG00000187957,DNER,Not Annotated
ENSG00000079805,DNM2,Not Annotated
ENSG00000130816,DNMT1,Not Annotated
ENSG00000119772,DNMT3A,Not Annotated
ENSG00000088305,DNMT3B,Not Annotated
ENSG00000134516,DOCK2,Not Annotated
ENSG00000128512,DOCK4,Not Annotated
ENSG00000107099,DOCK8,Not Annotated
ENSG00000104885,DOT1L,Not Annotated
ENSG00000130226,DPP6,Not Annotated
ENSG00000178904,DPY19L3,Not Annotated
ENSG00000188641,DPYD,Not Annotated
ENSG00000151577,DRD3,Not Annotated
ENSG00000169676,DRD5,Not Annotated
ENSG00000113360,DROSHA,Not Annotated
ENSG00000134765,DSC1,Not Annotated
ENSG00000134762,DSC3,Not Annotated
ENSG00000111817,DSE,Not Annotated
ENSG00000134760,DSG1,Not Annotated
ENSG00000175065,DSG4,Not Annotated
ENSG00000151914,DST,Not Annotated
ENSG00000197057,DTHD1,Not Annotated
ENSG00000134769,DTNA,Not Annotated
ENSG00000110042,DTX4,Not Annotated
ENSG00000111266,DUSP16,Not Annotated
ENSG00000158050,DUSP2,Not Annotated
ENSG00000164086,DUSP7,Not Annotated
ENSG00000130829,DUSP9,Not Annotated
ENSG00000258873,DUXA,Not Annotated
ENSG00000158560,DYNC1I1,Not Annotated
ENSG00000157540,DYRK1A,Not Annotated
ENSG00000135636,DYSF,Not Annotated
ENSG00000112242,E2F3,Not Annotated
ENSG00000164330,EBF1,Not Annotated
ENSG00000114346,ECT2,Not Annotated
ENSG00000203734,ECT2L,Not Annotated
ENSG00000135960,EDAR,Not Annotated
ENSG00000038358,EDC4,Not Annotated
ENSG00000136160,EDNRB,Not Annotated
ENSG00000074266,EED,Not Annotated
ENSG00000156508,EEF1A1,Not Annotated
ENSG00000167658,EEF2,Not Annotated
ENSG00000146648,EGFR,Not Annotated
ENSG00000122877,EGR2,Not Annotated
ENSG00000179388,EGR3,Not Annotated
ENSG00000149547,EI24,Not Annotated
ENSG00000173674,EIF1AX,Not Annotated
ENSG00000086232,EIF2AK1,Not Annotated
ENSG00000128829,EIF2AK4,Not Annotated
ENSG00000125977,EIF2S2,Not Annotated
ENSG00000107581,EIF3A,Not Annotated
ENSG00000104408,EIF3E,Not Annotated
ENSG00000161960,EIF4A1,Not Annotated
ENSG00000156976,EIF4A2,Not Annotated
ENSG00000107105,ELAVL2,Not Annotated
ENSG00000196361,ELAVL3,Not Annotated
ENSG00000120690,ELF1,Not Annotated
ENSG00000163435,ELF3,Not Annotated
ENSG00000102034,ELF4,Not Annotated
ENSG00000158711,ELK4,Not Annotated
ENSG00000105656,ELL,Not Annotated
ENSG00000155849,ELMO1,Not Annotated
ENSG00000049540,ELN,Not Annotated
ENSG00000154582,ELOC,Not Annotated
ENSG00000126749,EMG1,Not Annotated
ENSG00000143924,EML4,Not Annotated
ENSG00000197586,ENTPD6,Not Annotated
ENSG00000100393,EP300,Not Annotated
ENSG00000183495,EP400,Not Annotated
ENSG00000116016,EPAS1,Not Annotated
ENSG00000082397,EPB41L3,Not Annotated
ENSG00000120616,EPC1,Not Annotated
ENSG00000152223,EPG5,Not Annotated
ENSG00000146904,EPHA1,Not Annotated
ENSG00000142627,EPHA2,Not Annotated
ENSG00000044524,EPHA3,Not Annotated
ENSG00000116106,EPHA4,Not Annotated
ENSG00000145242,EPHA5,Not Annotated
ENSG00000080224,EPHA6,Not Annotated
ENSG00000135333,EPHA7,Not Annotated
ENSG00000154928,EPHB1,Not Annotated
ENSG00000196411,EPHB4,Not Annotated
ENSG00000106123,EPHB6,Not Annotated
ENSG00000261150,EPPK1,Not Annotated
ENSG00000136628,EPRS,Not Annotated
ENSG00000085832,EPS15,Not Annotated
ENSG00000083782,EPYC,Not Annotated
ENSG00000141736,ERBB2,Not Annotated
ENSG00000065361,ERBB3,Not Annotated
ENSG00000178568,ERBB4,Not Annotated
ENSG00000112851,ERBIN,Not Annotated
ENSG00000082805,ERC1,Not Annotated
ENSG00000104884,ERCC2,Not Annotated
ENSG00000163161,ERCC3,Not Annotated
ENSG00000175595,ERCC4,Not Annotated
ENSG00000105722,ERF,Not Annotated
ENSG00000157554,ERG,Not Annotated
ENSG00000116285,ERRFI1,Not Annotated
ENSG00000135476,ESPL1,Not Annotated
ENSG00000091831,ESR1,Not Annotated
ENSG00000196482,ESRRG,Not Annotated
ENSG00000139163,ETNK1,Not Annotated
ENSG00000134954,ETS1,Not Annotated
ENSG00000006468,ETV1,Not Annotated
ENSG00000175832,ETV4,Not Annotated
ENSG00000244405,ETV5,Not Annotated
ENSG00000139083,ETV6,Not Annotated
ENSG00000173040,EVC2,Not Annotated
ENSG00000167880,EVPL,Not Annotated
ENSG00000182944,EWSR1,Not Annotated
ENSG00000112685,EXOC2,Not Annotated
ENSG00000116903,EXOC8,Not Annotated
ENSG00000110723,EXPH5,Not Annotated
ENSG00000182197,EXT1,Not Annotated
ENSG00000151348,EXT2,Not Annotated
ENSG00000112319,EYA4,Not Annotated
ENSG00000188107,EYS,Not Annotated
ENSG00000108799,EZH1,Not Annotated
ENSG00000106462,EZH2,Not Annotated
ENSG00000092820,EZR,Not Annotated
ENSG00000198734,F5,Not Annotated
ENSG00000185010,F8,Not Annotated
ENSG00000165591,FAAH2,Not Annotated
ENSG00000189057,FAM111B,Not Annotated
ENSG00000121104,FAM117A,Not Annotated
ENSG00000197798,FAM118B,Not Annotated
ENSG00000155744,FAM126B,Not Annotated
ENSG00000159784,FAM131B,Not Annotated
ENSG00000179083,FAM133A,Not Annotated
ENSG00000147724,FAM135B,Not Annotated
ENSG00000188163,FAM166A,Not Annotated
ENSG00000148468,FAM171A1,Not Annotated
ENSG00000144369,FAM171B,Not Annotated
ENSG00000198173,FAM47C,Not Annotated
ENSG00000071859,FAM50A,Not Annotated
ENSG00000215784,FAM72D,Not Annotated
ENSG00000153789,FAM92B,Not Annotated
ENSG00000187741,FANCA,Not Annotated
ENSG00000158169,FANCC,Not Annotated
ENSG00000144554,FANCD2,Not Annotated
ENSG00000112039,FANCE,Not Annotated
ENSG00000183161,FANCF,Not Annotated
ENSG00000221829,FANCG,Not Annotated
ENSG00000187790,FANCM,Not Annotated
ENSG00000203780,FANK1,Not Annotated
ENSG00000026103,FAS,Not Annotated
ENSG00000083857,FAT1,Not Annotated
ENSG00000086570,FAT2,Not Annotated
ENSG00000165323,FAT3,Not Annotated
ENSG00000196159,FAT4,Not Annotated
ENSG00000163520,FBLN2,Not Annotated
ENSG00000138829,FBN2,Not Annotated
ENSG00000138081,FBXO11,Not Annotated
ENSG00000143756,FBXO28,Not Annotated
ENSG00000103264,FBXO31,Not Annotated
ENSG00000156804,FBXO32,Not Annotated
ENSG00000109670,FBXW7,Not Annotated
ENSG00000179639,FCER1A,Not Annotated
ENSG00000072694,FCGR2B,Not Annotated
ENSG00000163534,FCRL1,Not Annotated
ENSG00000163518,FCRL4,Not Annotated
ENSG00000168496,FEN1,Not Annotated
ENSG00000182511,FES,Not Annotated
ENSG00000163497,FEV,Not Annotated
ENSG00000171560,FGA,Not Annotated
ENSG00000162344,FGF19,Not Annotated
ENSG00000138685,FGF2,Not Annotated
ENSG00000138675,FGF5,Not Annotated
ENSG00000137440,FGFBP1,Not Annotated
ENSG00000077782,FGFR1,Not Annotated
ENSG00000213066,FGFR1OP,Not Annotated
ENSG00000066468,FGFR2,Not Annotated
ENSG00000068078,FGFR3,Not Annotated
ENSG00000160867,FGFR4,Not Annotated
ENSG00000091483,FH,Not Annotated
ENSG00000189283,FHIT,Not Annotated
ENSG00000135723,FHOD1,Not Annotated
ENSG00000145216,FIP1L1,Not Annotated
ENSG00000122642,FKBP9,Not Annotated
ENSG00000154803,FLCN,Not Annotated
ENSG00000143631,FLG,Not Annotated
ENSG00000151702,FLI1,Not Annotated
ENSG00000196924,FLNA,Not Annotated
ENSG00000102755,FLT1,Not Annotated
ENSG00000122025,FLT3,Not Annotated
ENSG00000037280,FLT4,Not Annotated
ENSG00000059122,FLYWCH1,Not Annotated
ENSG00000155816,FMN2,Not Annotated
ENSG00000161791,FMNL3,Not Annotated
ENSG00000102081,FMR1,Not Annotated
ENSG00000187239,FNBP1,Not Annotated
ENSG00000086205,FOLH1,Not Annotated
ENSG00000129514,FOXA1,Not Annotated
ENSG00000125798,FOXA2,Not Annotated
ENSG00000204612,FOXB2,Not Annotated
ENSG00000178919,FOXE1,Not Annotated
ENSG00000164916,FOXK1,Not Annotated
ENSG00000141568,FOXK2,Not Annotated
ENSG00000183770,FOXL2,Not Annotated
ENSG00000111206,FOXM1,Not Annotated
ENSG00000150907,FOXO1,Not Annotated
ENSG00000118689,FOXO3,Not Annotated
ENSG00000184481,FOXO4,Not Annotated
ENSG00000114861,FOXP1,Not Annotated
ENSG00000164379,FOXQ1,Not Annotated
ENSG00000176302,FOXR1,Not Annotated
ENSG00000189299,FOXR2,Not Annotated
ENSG00000171051,FPR1,Not Annotated
ENSG00000150893,FREM2,Not Annotated
ENSG00000165694,FRMD7,Not Annotated
ENSG00000170324,FRMPD2,Not Annotated
ENSG00000169933,FRMPD4,Not Annotated
ENSG00000189139,FSCB,Not Annotated
ENSG00000150667,FSIP1,Not Annotated
ENSG00000070404,FSTL3,Not Annotated
ENSG00000168843,FSTL5,Not Annotated
ENSG00000160282,FTCD,Not Annotated
ENSG00000162613,FUBP1,Not Annotated
ENSG00000157353,FUK,Not Annotated
ENSG00000089280,FUS,Not Annotated
ENSG00000114416,FXR1,Not Annotated
ENSG00000187889,FYB2,Not Annotated
ENSG00000010810,FYN,Not Annotated
ENSG00000157240,FZD1,Not Annotated
ENSG00000104290,FZD3,Not Annotated
ENSG00000145907,G3BP1,Not Annotated
ENSG00000131482,G6PC,Not Annotated
ENSG00000022355,GABRA1,Not Annotated
ENSG00000145863,GABRA6,Not Annotated
ENSG00000145864,GABRB2,Not Annotated
ENSG00000163285,GABRG1,Not Annotated
ENSG00000128242,GAL3ST1,Not Annotated
ENSG00000144278,GALNT13,Not Annotated
ENSG00000007237,GAS7,Not Annotated
ENSG00000102145,GATA1,Not Annotated
ENSG00000179348,GATA2,Not Annotated
ENSG00000107485,GATA3,Not Annotated
ENSG00000114480,GBE1,Not Annotated
ENSG00000169224,GCSAML,Not Annotated
ENSG00000125965,GDF5,Not Annotated
ENSG00000204120,GIGYF2,Not Annotated
ENSG00000111087,GLI1,Not Annotated
ENSG00000106571,GLI3,Not Annotated
ENSG00000122694,GLIPR2,Not Annotated
ENSG00000126603,GLIS2,Not Annotated
ENSG00000145451,GLRA3,Not Annotated
ENSG00000120820,GLT8D2,Not Annotated
ENSG00000140632,GLYR1,Not Annotated
ENSG00000104499,GML,Not Annotated
ENSG00000163655,GMPS,Not Annotated
ENSG00000088256,GNA11,Not Annotated
ENSG00000146535,GNA12,Not Annotated
ENSG00000120063,GNA13,Not Annotated
ENSG00000156049,GNA14,Not Annotated
ENSG00000060558,GNA15,Not Annotated
ENSG00000114353,GNAI2,Not Annotated
ENSG00000156052,GNAQ,Not Annotated
ENSG00000087460,GNAS,Not Annotated
ENSG00000114349,GNAT1,Not Annotated
ENSG00000078369,GNB1,Not Annotated
ENSG00000111670,GNPTAB,Not Annotated
ENSG00000066455,GOLGA5,Not Annotated
ENSG00000277322,GOLGA6L6,Not Annotated
ENSG00000047932,GOPC,Not Annotated
ENSG00000114745,GORASP1,Not Annotated
ENSG00000120053,GOT1,Not Annotated
ENSG00000119927,GPAM,Not Annotated
ENSG00000158669,GPAT4,Not Annotated
ENSG00000160818,GPATCH4,Not Annotated
ENSG00000147257,GPC3,Not Annotated
ENSG00000179399,GPC5,Not Annotated
ENSG00000183098,GPC6,Not Annotated
ENSG00000171723,GPHN,Not Annotated
ENSG00000147138,GPR174,Not Annotated
ENSG00000169508,GPR183,Not Annotated
ENSG00000142511,GPR32,Not Annotated
ENSG00000169258,GPRIN1,Not Annotated
ENSG00000204175,GPRIN2,Not Annotated
ENSG00000169727,GPS1,Not Annotated
ENSG00000132522,GPS2,Not Annotated
ENSG00000224586,GPX5,Not Annotated
ENSG00000177885,GRB2,Not Annotated
ENSG00000137106,GRHPR,Not Annotated
ENSG00000120251,GRIA2,Not Annotated
ENSG00000125675,GRIA3,Not Annotated
ENSG00000163873,GRIK3,Not Annotated
ENSG00000183454,GRIN2A,Not Annotated
ENSG00000105464,GRIN2D,Not Annotated
ENSG00000152822,GRM1,Not Annotated
ENSG00000198822,GRM3,Not Annotated
ENSG00000179603,GRM8,Not Annotated
ENSG00000105928,GSDME,Not Annotated
ENSG00000263001,GTF2I,Not Annotated
ENSG00000152402,GUCY1A2,Not Annotated
ENSG00000169919,GUSB,Not Annotated
ENSG00000151233,GXYLT1,Not Annotated
ENSG00000178804,H1FOO,Not Annotated
ENSG00000105968,H2AFV,Not Annotated
ENSG00000163041,H3F3A,Not Annotated
ENSG00000132475,H3F3B,Not Annotated
ENSG00000188375,H3F3C,Not Annotated
ENSG00000113249,HAVCR1,Not Annotated
ENSG00000164588,HCN1,Not Annotated
ENSG00000196591,HDAC2,Not Annotated
ENSG00000061273,HDAC7,Not Annotated
ENSG00000048052,HDAC9,Not Annotated
ENSG00000092148,HECTD1,Not Annotated
ENSG00000002746,HECW1,Not Annotated
ENSG00000138411,HECW2,Not Annotated
ENSG00000130589,HELZ2,Not Annotated
ENSG00000188175,HEPACAM2,Not Annotated
ENSG00000103657,HERC1,Not Annotated
ENSG00000128731,HERC2,Not Annotated
ENSG00000051108,HERPUD1,Not Annotated
ENSG00000114315,HES1,Not Annotated
ENSG00000213614,HEXA,Not Annotated
ENSG00000164683,HEY1,Not Annotated
ENSG00000019991,HGF,Not Annotated
ENSG00000054392,HHAT,Not Annotated
ENSG00000100644,HIF1A,Not Annotated
ENSG00000149196,HIKESHI,Not Annotated
ENSG00000172273,HINFP,Not Annotated
ENSG00000127946,HIP1,Not Annotated
ENSG00000184357,HIST1H1B,Not Annotated
ENSG00000187837,HIST1H1C,Not Annotated
ENSG00000124575,HIST1H1D,Not Annotated
ENSG00000168298,HIST1H1E,Not Annotated
ENSG00000180573,HIST1H2AC,Not Annotated
ENSG00000196866,HIST1H2AD,Not Annotated
ENSG00000196787,HIST1H2AG,Not Annotated
ENSG00000276903,HIST1H2AL,Not Annotated
ENSG00000278677,HIST1H2AM,Not Annotated
ENSG00000180596,HIST1H2BC,Not Annotated
ENSG00000158373,HIST1H2BD,Not Annotated
ENSG00000274290,HIST1H2BE,Not Annotated
ENSG00000277224,HIST1H2BF,Not Annotated
ENSG00000273802,HIST1H2BG,Not Annotated
ENSG00000275713,HIST1H2BH,Not Annotated
ENSG00000124635,HIST1H2BJ,Not Annotated
ENSG00000197903,HIST1H2BK,Not Annotated
ENSG00000274641,HIST1H2BO,Not Annotated
ENSG00000274267,HIST1H3B,Not Annotated
ENSG00000278272,HIST1H3C,Not Annotated
ENSG00000197409,HIST1H3D,Not Annotated
ENSG00000273983,HIST1H3G,Not Annotated
ENSG00000278828,HIST1H3H,Not Annotated
ENSG00000278705,HIST1H4B,Not Annotated
ENSG00000277157,HIST1H4D,Not Annotated
ENSG00000276966,HIST1H4E,Not Annotated
ENSG00000158406,HIST1H4H,Not Annotated
ENSG00000276180,HIST1H4I,Not Annotated
ENSG00000184260,HIST2H2AC,Not Annotated
ENSG00000095951,HIVEP1,Not Annotated
ENSG00000160883,HK3,Not Annotated
ENSG00000206503,HLA-A,Not Annotated
ENSG00000206450,HLA-B,Not Annotated
ENSG00000196126,HLA-DRB1,Not Annotated
ENSG00000108924,HLF,Not Annotated
ENSG00000143341,HMCN1,Not Annotated
ENSG00000137309,HMGA1,Not Annotated
ENSG00000149948,HMGA2,Not Annotated
ENSG00000189403,HMGB1,Not Annotated
ENSG00000135100,HNF1A,Not Annotated
ENSG00000275410,HNF1B,Not Annotated
ENSG00000101076,HNF4A,Not Annotated
ENSG00000122566,HNRNPA2B1,Not Annotated
ENSG00000165119,HNRNPK,Not Annotated
ENSG00000153187,HNRNPU,Not Annotated
ENSG00000168172,HOOK3,Not Annotated
ENSG00000143452,HORMAD1,Not Annotated
ENSG00000253293,HOXA10,Not Annotated
ENSG00000005073,HOXA11,Not Annotated
ENSG00000106031,HOXA13,Not Annotated
ENSG00000122592,HOXA7,Not Annotated
ENSG00000078399,HOXA9,Not Annotated
ENSG00000123388,HOXC11,Not Annotated
ENSG00000123364,HOXC13,Not Annotated
ENSG00000128713,HOXD11,Not Annotated
ENSG00000128714,HOXD13,Not Annotated
ENSG00000158104,HPD,Not Annotated
ENSG00000174775,HRAS,Not Annotated
ENSG00000197915,HRNR,Not Annotated
ENSG00000185122,HSF1,Not Annotated
ENSG00000080824,HSP90AA1,Not Annotated
ENSG00000096384,HSP90AB1,Not Annotated
ENSG00000204390,HSPA1L,Not Annotated
ENSG00000170606,HSPA4,Not Annotated
ENSG00000152137,HSPB8,Not Annotated
ENSG00000142798,HSPG2,Not Annotated
ENSG00000168830,HTR1E,Not Annotated
ENSG00000178084,HTR3C,Not Annotated
ENSG00000166033,HTRA1,Not Annotated
ENSG00000086758,HUWE1,Not Annotated
ENSG00000122986,HVCN1,Not Annotated
ENSG00000157423,HYDIN,Not Annotated
ENSG00000117318,ID3,Not Annotated
ENSG00000138413,IDH1,Not Annotated
ENSG00000182054,IDH2,Not Annotated
ENSG00000165949,IFI27,Not Annotated
ENSG00000119917,IFIT3,Not Annotated
ENSG00000187535,IFT140,Not Annotated
ENSG00000140443,IGF1R,Not Annotated
ENSG00000167244,IGF2,Not Annotated
ENSG00000073792,IGF2BP2,Not Annotated
ENSG00000197081,IGF2R,Not Annotated
ENSG00000163395,IGFN1,Not Annotated
ENSG00000254709,IGLL5,Not Annotated
ENSG00000152580,IGSF10,Not Annotated
ENSG00000104365,IKBKB,Not Annotated
ENSG00000185811,IKZF1,Not Annotated
ENSG00000030419,IKZF2,Not Annotated
ENSG00000161405,IKZF3,Not Annotated
ENSG00000131724,IL13RA1,Not Annotated
ENSG00000115607,IL18RAP,Not Annotated
ENSG00000115008,IL1A,Not Annotated
ENSG00000125538,IL1B,Not Annotated
ENSG00000115602,IL1RL1,Not Annotated
ENSG00000109471,IL2,Not Annotated
ENSG00000103522,IL21R,Not Annotated
ENSG00000147168,IL2RG,Not Annotated
ENSG00000136694,IL36A,Not Annotated
ENSG00000077238,IL4R,Not Annotated
ENSG00000134352,IL6ST,Not Annotated
ENSG00000168685,IL7R,Not Annotated
ENSG00000136718,IMP4,Not Annotated
ENSG00000081148,IMPG2,Not Annotated
ENSG00000153487,ING1,Not Annotated
ENSG00000122641,INHBA,Not Annotated
ENSG00000128908,INO80,Not Annotated
ENSG00000040933,INPP4A,Not Annotated
ENSG00000165458,INPPL1,Not Annotated
ENSG00000171105,INSR,Not Annotated
ENSG00000138785,INTS12,Not Annotated
ENSG00000065150,IPO5,Not Annotated
ENSG00000205339,IPO7,Not Annotated
ENSG00000114473,IQCG,Not Annotated
ENSG00000145703,IQGAP2,Not Annotated
ENSG00000198001,IRAK4,Not Annotated
ENSG00000168310,IRF2,Not Annotated
ENSG00000168264,IRF2BP2,Not Annotated
ENSG00000137265,IRF4,Not Annotated
ENSG00000128604,IRF5,Not Annotated
ENSG00000117595,IRF6,Not Annotated
ENSG00000185507,IRF7,Not Annotated
ENSG00000140968,IRF8,Not Annotated
ENSG00000169047,IRS1,Not Annotated
ENSG00000133124,IRS4,Not Annotated
ENSG00000159387,IRX6,Not Annotated
ENSG00000175329,ISX,Not Annotated
ENSG00000078747,ITCH,Not Annotated
ENSG00000115232,ITGA4,Not Annotated
ENSG00000083457,ITGAE,Not Annotated
ENSG00000138448,ITGAV,Not Annotated
ENSG00000139626,ITGB7,Not Annotated
ENSG00000055957,ITIH1,Not Annotated
ENSG00000113263,ITK,Not Annotated
ENSG00000179914,ITLN1,Not Annotated
ENSG00000143772,ITPKB,Not Annotated
ENSG00000096433,ITPR3,Not Annotated
ENSG00000180347,ITPRID1,Not Annotated
ENSG00000163166,IWS1,Not Annotated
ENSG00000101384,JAG1,Not Annotated
ENSG00000162434,JAK1,Not Annotated
ENSG00000096968,JAK2,Not Annotated
ENSG00000105639,JAK3,Not Annotated
ENSG00000176049,JAKMIP2,Not Annotated
ENSG00000153814,JAZF1,Not Annotated
ENSG00000177606,JUN,Not Annotated
ENSG00000160145,KALRN,Not Annotated
ENSG00000120071,KANSL1,Not Annotated
ENSG00000065427,KARS,Not Annotated
ENSG00000083168,KAT6A,Not Annotated
ENSG00000156650,KAT6B,Not Annotated
ENSG00000136504,KAT7,Not Annotated
ENSG00000176595,KBTBD11,Not Annotated
ENSG00000123444,KBTBD4,Not Annotated
ENSG00000182255,KCNA4,Not Annotated
ENSG00000151079,KCNA6,Not Annotated
ENSG00000169282,KCNAB1,Not Annotated
ENSG00000182674,KCNB2,Not Annotated
ENSG00000120457,KCNJ5,Not Annotated
ENSG00000143603,KCNN3,Not Annotated
ENSG00000215262,KCNU1,Not Annotated
ENSG00000183783,KCTD8,Not Annotated
ENSG00000004487,KDM1A,Not Annotated
ENSG00000165097,KDM1B,Not Annotated
ENSG00000173120,KDM2A,Not Annotated
ENSG00000089094,KDM2B,Not Annotated
ENSG00000073614,KDM5A,Not Annotated
ENSG00000126012,KDM5C,Not Annotated
ENSG00000147050,KDM6A,Not Annotated
ENSG00000128052,KDR,Not Annotated
ENSG00000119537,KDSR,Not Annotated
ENSG00000079999,KEAP1,Not Annotated
ENSG00000197993,KEL,Not Annotated
ENSG00000112232,KHDRBS2,Not Annotated
ENSG00000088247,KHSRP,Not Annotated
ENSG00000109265,KIAA1211,Not Annotated
ENSG00000122778,KIAA1549,Not Annotated
ENSG00000174718,KIAA1551,Not Annotated
ENSG00000089177,KIF16B,Not Annotated
ENSG00000130294,KIF1A,Not Annotated
ENSG00000054523,KIF1B,Not Annotated
ENSG00000139116,KIF21A,Not Annotated
ENSG00000116852,KIF21B,Not Annotated
ENSG00000165115,KIF27,Not Annotated
ENSG00000141200,KIF2B,Not Annotated
ENSG00000170759,KIF5B,Not Annotated
ENSG00000157404,KIT,Not Annotated
ENSG00000127528,KLF2,Not Annotated
ENSG00000136826,KLF4,Not Annotated
ENSG00000102554,KLF5,Not Annotated
ENSG00000067082,KLF6,Not Annotated
ENSG00000104731,KLHDC4,Not Annotated
ENSG00000109790,KLHL5,Not Annotated
ENSG00000172578,KLHL6,Not Annotated
ENSG00000145332,KLHL8,Not Annotated
ENSG00000167751,KLK2,Not Annotated
ENSG00000117009,KMO,Not Annotated
ENSG00000118058,KMT2A,Not Annotated
ENSG00000272333,KMT2B,Not Annotated
ENSG00000055609,KMT2C,Not Annotated
ENSG00000167548,KMT2D,Not Annotated
ENSG00000005483,KMT2E,Not Annotated
ENSG00000171798,KNDC1,Not Annotated
ENSG00000137812,KNL1,Not Annotated
ENSG00000128944,KNSTRN,Not Annotated
ENSG00000108424,KPNB1,Not Annotated
ENSG00000133703,KRAS,Not Annotated
ENSG00000183762,KREMEN1,Not Annotated
ENSG00000171401,KRT13,Not Annotated
ENSG00000171346,KRT15,Not Annotated
ENSG00000213424,KRT222,Not Annotated
ENSG00000187175,KRTAP12-1,Not Annotated
ENSG00000240432,KRTAP13-3,Not Annotated
ENSG00000184032,KRTAP20-2,Not Annotated
ENSG00000196156,KRTAP4-3,Not Annotated
ENSG00000198271,KRTAP4-5,Not Annotated
ENSG00000185940,KRTAP5-5,Not Annotated
ENSG00000126777,KTN1,Not Annotated
ENSG00000196569,LAMA2,Not Annotated
ENSG00000053747,LAMA3,Not Annotated
ENSG00000112769,LAMA4,Not Annotated
ENSG00000135862,LAMC1,Not Annotated
ENSG00000104341,LAPTM4B,Not Annotated
ENSG00000107929,LARP4B,Not Annotated
ENSG00000002834,LASP1,Not Annotated
ENSG00000131023,LATS1,Not Annotated
ENSG00000150457,LATS2,Not Annotated
ENSG00000129988,LBP,Not Annotated
ENSG00000187170,LCE4A,Not Annotated
ENSG00000182866,LCK,Not Annotated
ENSG00000136167,LCP1,Not Annotated
ENSG00000188501,LCTL,Not Annotated
ENSG00000198728,LDB1,Not Annotated
ENSG00000203985,LDLRAD1,Not Annotated
ENSG00000138795,LEF1,Not Annotated
ENSG00000161904,LEMD2,Not Annotated
ENSG00000174106,LEMD3,Not Annotated
ENSG00000104660,LEPROTL1,Not Annotated
ENSG00000168924,LETM1,Not Annotated
ENSG00000106003,LFNG,Not Annotated
ENSG00000100097,LGALS1,Not Annotated
ENSG00000183722,LHFPL6,Not Annotated
ENSG00000113594,LIFR,Not Annotated
ENSG00000104972,LILRB1,Not Annotated
ENSG00000064042,LIMCH1,Not Annotated
ENSG00000106683,LIMK1,Not Annotated
ENSG00000131899,LLGL1,Not Annotated
ENSG00000071282,LMCD1,Not Annotated
ENSG00000160789,LMNA,Not Annotated
ENSG00000166407,LMO1,Not Annotated
ENSG00000135363,LMO2,Not Annotated
ENSG00000162761,LMX1A,Not Annotated
ENSG00000167210,LOXHD1,Not Annotated
ENSG00000147145,LPAR4,Not Annotated
ENSG00000145012,LPP,Not Annotated
ENSG00000165379,LRFN5,Not Annotated
ENSG00000144749,LRIG1,Not Annotated
ENSG00000198799,LRIG2,Not Annotated
ENSG00000139263,LRIG3,Not Annotated
ENSG00000123384,LRP1,Not Annotated
ENSG00000168702,LRP1B,Not Annotated
ENSG00000081479,LRP2,Not Annotated
ENSG00000128606,LRRC17,Not Annotated
ENSG00000176809,LRRC37A3,Not Annotated
ENSG00000183908,LRRC55,Not Annotated
ENSG00000033122,LRRC7,Not Annotated
ENSG00000133640,LRRIQ1,Not Annotated
ENSG00000162620,LRRIQ3,Not Annotated
ENSG00000154237,LRRK1,Not Annotated
ENSG00000188906,LRRK2,Not Annotated
ENSG00000173114,LRRN3,Not Annotated
ENSG00000162951,LRRTM1,Not Annotated
ENSG00000176204,LRRTM4,Not Annotated
ENSG00000257103,LSM14A,Not Annotated
ENSG00000111144,LTA4H,Not Annotated
ENSG00000119681,LTBP2,Not Annotated
ENSG00000090006,LTBP4,Not Annotated
ENSG00000062524,LTK,Not Annotated
ENSG00000139329,LUM,Not Annotated
ENSG00000187398,LUZP2,Not Annotated
ENSG00000104903,LYL1,Not Annotated
ENSG00000254087,LYN,Not Annotated
ENSG00000232859,LYRM9,Not Annotated
ENSG00000099949,LZTR1,Not Annotated
ENSG00000183742,MACC1,Not Annotated
ENSG00000127603,MACF1,Not Annotated
ENSG00000178573,MAF,Not Annotated
ENSG00000182759,MAFA,Not Annotated
ENSG00000204103,MAFB,Not Annotated
ENSG00000198681,MAGEA1,Not Annotated
ENSG00000197172,MAGEA6,Not Annotated
ENSG00000155495,MAGEC1,Not Annotated
ENSG00000046774,MAGEC2,Not Annotated
ENSG00000165509,MAGEC3,Not Annotated
ENSG00000179222,MAGED1,Not Annotated
ENSG00000187391,MAGI2,Not Annotated
ENSG00000204740,MALRD1,Not Annotated
ENSG00000172175,MALT1,Not Annotated
ENSG00000161021,MAML1,Not Annotated
ENSG00000184384,MAML2,Not Annotated
ENSG00000196782,MAML3,Not Annotated
ENSG00000176909,MAMSTR,Not Annotated
ENSG00000169032,MAP2K1,Not Annotated
ENSG00000126934,MAP2K2,Not Annotated
ENSG00000034152,MAP2K3,Not Annotated
ENSG00000065559,MAP2K4,Not Annotated
ENSG00000076984,MAP2K7,Not Annotated
ENSG00000095015,MAP3K1,Not Annotated
ENSG00000139625,MAP3K12,Not Annotated
ENSG00000073803,MAP3K13,Not Annotated
ENSG00000143674,MAP3K21,Not Annotated
ENSG00000085511,MAP3K4,Not Annotated
ENSG00000197442,MAP3K5,Not Annotated
ENSG00000006432,MAP3K9,Not Annotated
ENSG00000011566,MAP4K3,Not Annotated
ENSG00000135525,MAP7,Not Annotated
ENSG00000100030,MAPK1,Not Annotated
ENSG00000166484,MAPK7,Not Annotated
ENSG00000121653,MAPK8IP1,Not Annotated
ENSG00000089022,MAPKAPK5,Not Annotated
ENSG00000072518,MARK2,Not Annotated
ENSG00000075413,MARK3,Not Annotated
ENSG00000204687,MAS1L,Not Annotated
ENSG00000099308,MAST3,Not Annotated
ENSG00000125952,MAX,Not Annotated
ENSG00000180611,MB21D2,Not Annotated
ENSG00000141644,MBD1,Not Annotated
ENSG00000128285,MCHR1,Not Annotated
ENSG00000152034,MCHR2,Not Annotated
ENSG00000143384,MCL1,Not Annotated
ENSG00000197771,MCMBP,Not Annotated
ENSG00000137337,MDC1,Not Annotated
ENSG00000135679,MDM2,Not Annotated
ENSG00000198625,MDM4,Not Annotated
ENSG00000197880,MDS2,Not Annotated
ENSG00000085276,MECOM,Not Annotated
ENSG00000125686,MED1,Not Annotated
ENSG00000184634,MED12,Not Annotated
ENSG00000144893,MED12L,Not Annotated
ENSG00000108510,MED13,Not Annotated
ENSG00000112282,MED23,Not Annotated
ENSG00000213999,MEF2B,Not Annotated
ENSG00000081189,MEF2C,Not Annotated
ENSG00000116604,MEF2D,Not Annotated
ENSG00000133895,MEN1,Not Annotated
ENSG00000112818,MEP1A,Not Annotated
ENSG00000105976,MET,Not Annotated
ENSG00000145388,METTL14,Not Annotated
ENSG00000165819,METTL3,Not Annotated
ENSG00000174197,MGA,Not Annotated
ENSG00000257335,MGAM,Not Annotated
ENSG00000128268,MGAT3,Not Annotated
ENSG00000170430,MGMT,Not Annotated
ENSG00000155545,MIER3,Not Annotated
ENSG00000169330,MINAR1,Not Annotated
ENSG00000187098,MITF,Not Annotated
ENSG00000148773,MKI67,Not Annotated
ENSG00000179455,MKRN3,Not Annotated
ENSG00000178053,MLF1,Not Annotated
ENSG00000076242,MLH1,Not Annotated
ENSG00000119684,MLH3,Not Annotated
ENSG00000130382,MLLT1,Not Annotated
ENSG00000078403,MLLT10,Not Annotated
ENSG00000213190,MLLT11,Not Annotated
ENSG00000171843,MLLT3,Not Annotated
ENSG00000275023,MLLT6,Not Annotated
ENSG00000009950,MLXIPL,Not Annotated
ENSG00000137745,MMP13,Not Annotated
ENSG00000146263,MMS22L,Not Annotated
ENSG00000169184,MN1,Not Annotated
ENSG00000020426,MNAT1,Not Annotated
ENSG00000130675,MNX1,Not Annotated
ENSG00000133131,MORC4,Not Annotated
ENSG00000172680,MOS,Not Annotated
ENSG00000155363,MOV10,Not Annotated
ENSG00000197629,MPEG1,Not Annotated
ENSG00000117400,MPL,Not Annotated
ENSG00000005381,MPO,Not Annotated
ENSG00000158186,MRAS,Not Annotated
ENSG00000171495,MROH2B,Not Annotated
ENSG00000112110,MRPL18,Not Annotated
ENSG00000266472,MRPS21,Not Annotated
ENSG00000102738,MRPS31,Not Annotated
ENSG00000196588,MRTFA,Not Annotated
ENSG00000072952,MRVI1,Not Annotated
ENSG00000095002,MSH2,Not Annotated
ENSG00000113318,MSH3,Not Annotated
ENSG00000204410,MSH5,Not Annotated
ENSG00000116062,MSH6,Not Annotated
ENSG00000153944,MSI2,Not Annotated
ENSG00000147065,MSN,Not Annotated
ENSG00000038945,MSR1,Not Annotated
ENSG00000173531,MST1,Not Annotated
ENSG00000164078,MST1R,Not Annotated
ENSG00000214827,MTCP1,Not Annotated
ENSG00000177000,MTHFR,Not Annotated
ENSG00000102043,MTMR8,Not Annotated
ENSG00000198793,MTOR,Not Annotated
ENSG00000132938,MTUS2,Not Annotated
ENSG00000185499,MUC1,Not Annotated
ENSG00000181143,MUC16,Not Annotated
ENSG00000169876,MUC17,Not Annotated
ENSG00000198788,MUC2,Not Annotated
ENSG00000145113,MUC4,Not Annotated
ENSG00000184956,MUC6,Not Annotated
ENSG00000132781,MUTYH,Not Annotated
ENSG00000101825,MXRA5,Not Annotated
ENSG00000118513,MYB,Not Annotated
ENSG00000185697,MYBL1,Not Annotated
ENSG00000101057,MYBL2,Not Annotated
ENSG00000136997,MYC,Not Annotated
ENSG00000005810,MYCBP2,Not Annotated
ENSG00000116990,MYCL,Not Annotated
ENSG00000134323,MYCN,Not Annotated
ENSG00000172936,MYD88,Not Annotated
ENSG00000133392,MYH11,Not Annotated
ENSG00000125414,MYH2,Not Annotated
ENSG00000264424,MYH4,Not Annotated
ENSG00000092054,MYH7,Not Annotated
ENSG00000100345,MYH9,Not Annotated
ENSG00000101608,MYL12A,Not Annotated
ENSG00000133454,MYO18B,Not Annotated
ENSG00000128641,MYO1B,Not Annotated
ENSG00000136286,MYO1G,Not Annotated
ENSG00000197535,MYO5A,Not Annotated
ENSG00000066933,MYO9A,Not Annotated
ENSG00000141052,MYOCD,Not Annotated
ENSG00000129152,MYOD1,Not Annotated
ENSG00000036448,MYOM2,Not Annotated
ENSG00000142661,MYOM3,Not Annotated
ENSG00000196132,MYT1,Not Annotated
ENSG00000102921,N4BP1,Not Annotated
ENSG00000078177,N4BP2,Not Annotated
ENSG00000166886,NAB2,Not Annotated
ENSG00000196531,NACA,Not Annotated
ENSG00000008130,NADK,Not Annotated
ENSG00000102452,NALCN,Not Annotated
ENSG00000135372,NAT10,Not Annotated
ENSG00000134369,NAV1,Not Annotated
ENSG00000067798,NAV3,Not Annotated
ENSG00000172915,NBEA,Not Annotated
ENSG00000158747,NBL1,Not Annotated
ENSG00000104320,NBN,Not Annotated
ENSG00000219481,NBPF1,Not Annotated
ENSG00000154654,NCAM2,Not Annotated
ENSG00000010292,NCAPD2,Not Annotated
ENSG00000151503,NCAPD3,Not Annotated
ENSG00000146918,NCAPG2,Not Annotated
ENSG00000025770,NCAPH2,Not Annotated
ENSG00000116701,NCF2,Not Annotated
ENSG00000213672,NCKIPSD,Not Annotated
ENSG00000084676,NCOA1,Not Annotated
ENSG00000140396,NCOA2,Not Annotated
ENSG00000124151,NCOA3,Not Annotated
ENSG00000266412,NCOA4,Not Annotated
ENSG00000141027,NCOR1,Not Annotated
ENSG00000196498,NCOR2,Not Annotated
ENSG00000162736,NCSTN,Not Annotated
ENSG00000080986,NDC80,Not Annotated
ENSG00000104419,NDRG1,Not Annotated
ENSG00000147684,NDUFB9,Not Annotated
ENSG00000178127,NDUFV2,Not Annotated
ENSG00000183091,NEB,Not Annotated
ENSG00000069869,NEDD4,Not Annotated
ENSG00000100285,NEFH,Not Annotated
ENSG00000117650,NEK2,Not Annotated
ENSG00000171208,NETO2,Not Annotated
ENSG00000215041,NEURL4,Not Annotated
ENSG00000178403,NEUROG2,Not Annotated
ENSG00000196712,NF1,Not Annotated
ENSG00000186575,NF2,Not Annotated
ENSG00000102908,NFAT5,Not Annotated
ENSG00000101096,NFATC2,Not Annotated
ENSG00000116044,NFE2L2,Not Annotated
ENSG00000050344,NFE2L3,Not Annotated
ENSG00000147862,NFIB,Not Annotated
ENSG00000077150,NFKB2,Not Annotated
ENSG00000100906,NFKBIA,Not Annotated
ENSG00000146232,NFKBIE,Not Annotated
ENSG00000066248,NGEF,Not Annotated
ENSG00000116962,NID1,Not Annotated
ENSG00000100503,NIN,Not Annotated
ENSG00000140157,NIPA2,Not Annotated
ENSG00000164190,NIPBL,Not Annotated
ENSG00000114857,NKTR,Not Annotated
ENSG00000136352,NKX2-1,Not Annotated
ENSG00000167034,NKX3-1,Not Annotated
ENSG00000123213,NLN,Not Annotated
ENSG00000140853,NLRC5,Not Annotated
ENSG00000091592,NLRP1,Not Annotated
ENSG00000162711,NLRP3,Not Annotated
ENSG00000171487,NLRP5,Not Annotated
ENSG00000135577,NMBR,Not Annotated
ENSG00000077009,NMRK2,Not Annotated
ENSG00000147140,NONO,Not Annotated
ENSG00000055044,NOP58,Not Annotated
ENSG00000148400,NOTCH1,Not Annotated
ENSG00000134250,NOTCH2,Not Annotated
ENSG00000264343,NOTCH2NLA,Not Annotated
ENSG00000074181,NOTCH3,Not Annotated
ENSG00000204301,NOTCH4,Not Annotated
ENSG00000188747,NOXA1,Not Annotated
ENSG00000185823,NPAP1,Not Annotated
ENSG00000181163,NPM1,Not Annotated
ENSG00000168743,NPNT,Not Annotated
ENSG00000012504,NR1H4,Not Annotated
ENSG00000113580,NR3C1,Not Annotated
ENSG00000151623,NR3C2,Not Annotated
ENSG00000153234,NR4A2,Not Annotated
ENSG00000119508,NR4A3,Not Annotated
ENSG00000213281,NRAS,Not Annotated
ENSG00000157168,NRG1,Not Annotated
ENSG00000158458,NRG2,Not Annotated
ENSG00000185737,NRG3,Not Annotated
ENSG00000180530,NRIP1,Not Annotated
ENSG00000123572,NRK,Not Annotated
ENSG00000179915,NRXN1,Not Annotated
ENSG00000110076,NRXN2,Not Annotated
ENSG00000021645,NRXN3,Not Annotated
ENSG00000165671,NSD1,Not Annotated
ENSG00000109685,NSD2,Not Annotated
ENSG00000147548,NSD3,Not Annotated
ENSG00000035681,NSMAF,Not Annotated
ENSG00000156831,NSMCE2,Not Annotated
ENSG00000076685,NT5C2,Not Annotated
ENSG00000065057,NTHL1,Not Annotated
ENSG00000074527,NTN4,Not Annotated
ENSG00000198400,NTRK1,Not Annotated
ENSG00000148053,NTRK2,Not Annotated
ENSG00000140538,NTRK3,Not Annotated
ENSG00000074590,NUAK1,Not Annotated
ENSG00000196368,NUDT11,Not Annotated
ENSG00000183828,NUDT14,Not Annotated
ENSG00000137497,NUMA1,Not Annotated
ENSG00000069248,NUP133,Not Annotated
ENSG00000143552,NUP210L,Not Annotated
ENSG00000126883,NUP214,Not Annotated
ENSG00000102900,NUP93,Not Annotated
ENSG00000110713,NUP98,Not Annotated
ENSG00000184507,NUTM1,Not Annotated
ENSG00000184923,NUTM2A,Not Annotated
ENSG00000188199,NUTM2B,Not Annotated
ENSG00000162231,NXF1,Not Annotated
ENSG00000154358,OBSCN,Not Annotated
ENSG00000122126,OCRL,Not Annotated
ENSG00000109205,ODAM,Not Annotated
ENSG00000181781,ODF3L2,Not Annotated
ENSG00000184650,ODF4,Not Annotated
ENSG00000046651,OFD1,Not Annotated
ENSG00000205927,OLIG2,Not Annotated
ENSG00000162600,OMA1,Not Annotated
ENSG00000127083,OMD,Not Annotated
ENSG00000149507,OOSP2,Not Annotated
ENSG00000179919,OR10A7,Not Annotated
ENSG00000174970,OR10AG1,Not Annotated
ENSG00000182634,OR10G7,Not Annotated
ENSG00000236981,OR10G9,Not Annotated
ENSG00000198965,OR10R2,Not Annotated
ENSG00000197591,OR11L1,Not Annotated
ENSG00000170929,OR1M1,Not Annotated
ENSG00000221989,OR2A2,Not Annotated
ENSG00000212807,OR2A42,Not Annotated
ENSG00000166368,OR2D2,Not Annotated
ENSG00000196071,OR2L13,Not Annotated
ENSG00000171180,OR2M4,Not Annotated
ENSG00000177212,OR2T33,Not Annotated
ENSG00000177151,OR2T35,Not Annotated
ENSG00000196944,OR2T4,Not Annotated
ENSG00000238243,OR2W3,Not Annotated
ENSG00000181961,OR4A16,Not Annotated
ENSG00000258817,OR4C13,Not Annotated
ENSG00000181939,OR4C15,Not Annotated
ENSG00000185926,OR4C46,Not Annotated
ENSG00000181903,OR4C6,Not Annotated
ENSG00000155249,OR4K1,Not Annotated
ENSG00000169484,OR4K14,Not Annotated
ENSG00000176246,OR4L1,Not Annotated
ENSG00000187918,OR51I2,Not Annotated
ENSG00000183269,OR52E8,Not Annotated
ENSG00000181001,OR52N1,Not Annotated
ENSG00000197786,OR5B17,Not Annotated
ENSG00000279395,OR5L1,Not Annotated
ENSG00000205030,OR5L2,Not Annotated
ENSG00000181698,OR5T1,Not Annotated
ENSG00000184933,OR6A2,Not Annotated
ENSG00000203757,OR6K3,Not Annotated
ENSG00000181767,OR8H2,Not Annotated
ENSG00000150261,OR8K1,Not Annotated
ENSG00000179468,OR9A2,Not Annotated
ENSG00000145623,OSMR,Not Annotated
ENSG00000165899,OTOGL,Not Annotated
ENSG00000163982,OTOP1,Not Annotated
ENSG00000169918,OTUD7A,Not Annotated
ENSG00000187950,OVCH1,Not Annotated
ENSG00000155463,OXA1L,Not Annotated
ENSG00000182162,P2RY8,Not Annotated
ENSG00000178467,P4HTM,Not Annotated
ENSG00000070756,PABPC1,Not Annotated
ENSG00000101104,PABPC1L,Not Annotated
ENSG00000124507,PACSIN1,Not Annotated
ENSG00000168092,PAFAH1B2,Not Annotated
ENSG00000076641,PAG1,Not Annotated
ENSG00000172239,PAIP1,Not Annotated
ENSG00000077264,PAK3,Not Annotated
ENSG00000101349,PAK5,Not Annotated
ENSG00000083093,PALB2,Not Annotated
ENSG00000152520,PAN3,Not Annotated
ENSG00000100767,PAPLN,Not Annotated
ENSG00000148498,PARD3,Not Annotated
ENSG00000124171,PARD6B,Not Annotated
ENSG00000102699,PARP4,Not Annotated
ENSG00000166049,PASD1,Not Annotated
ENSG00000115687,PASK,Not Annotated
ENSG00000132849,PATJ,Not Annotated
ENSG00000100105,PATZ1,Not Annotated
ENSG00000075891,PAX2,Not Annotated
ENSG00000135903,PAX3,Not Annotated
ENSG00000196092,PAX5,Not Annotated
ENSG00000009709,PAX7,Not Annotated
ENSG00000125618,PAX8,Not Annotated
ENSG00000163939,PBRM1,Not Annotated
ENSG00000185630,PBX1,Not Annotated
ENSG00000169564,PCBP1,Not Annotated
ENSG00000102290,PCDH11X,Not Annotated
ENSG00000150275,PCDH15,Not Annotated
ENSG00000118946,PCDH17,Not Annotated
ENSG00000189184,PCDH18,Not Annotated
ENSG00000184226,PCDH9,Not Annotated
ENSG00000171815,PCDHB1,Not Annotated
ENSG00000113211,PCDHB6,Not Annotated
ENSG00000120322,PCDHB8,Not Annotated
ENSG00000179715,PCED1B,Not Annotated
ENSG00000186472,PCLO,Not Annotated
ENSG00000078674,PCM1,Not Annotated
ENSG00000126773,PCNX4,Not Annotated
ENSG00000099139,PCSK5,Not Annotated
ENSG00000140479,PCSK6,Not Annotated
ENSG00000106244,PDAP1,Not Annotated
ENSG00000197646,PDCD1LG2,Not Annotated
ENSG00000126249,PDCD2L,Not Annotated
ENSG00000249915,PDCD6,Not Annotated
ENSG00000185527,PDE6G,Not Annotated
ENSG00000171408,PDE7B,Not Annotated
ENSG00000100311,PDGFB,Not Annotated
ENSG00000145431,PDGFC,Not Annotated
ENSG00000134853,PDGFRA,Not Annotated
ENSG00000113721,PDGFRB,Not Annotated
ENSG00000168291,PDHB,Not Annotated
ENSG00000155660,PDIA4,Not Annotated
ENSG00000121892,PDS5A,Not Annotated
ENSG00000083642,PDS5B,Not Annotated
ENSG00000164494,PDSS2,Not Annotated
ENSG00000179889,PDXDC1,Not Annotated
ENSG00000101327,PDYN,Not Annotated
ENSG00000133401,PDZD2,Not Annotated
ENSG00000121440,PDZRN3,Not Annotated
ENSG00000187800,PEAR1,Not Annotated
ENSG00000198300,PEG3,Not Annotated
ENSG00000179094,PER1,Not Annotated
ENSG00000187642,PERM1,Not Annotated
ENSG00000178921,PFAS,Not Annotated
ENSG00000067057,PFKP,Not Annotated
ENSG00000148985,PGAP2,Not Annotated
ENSG00000082175,PGR,Not Annotated
ENSG00000134686,PHC2,Not Annotated
ENSG00000118482,PHF3,Not Annotated
ENSG00000156531,PHF6,Not Annotated
ENSG00000146247,PHIP,Not Annotated
ENSG00000139289,PHLDA1,Not Annotated
ENSG00000109132,PHOX2B,Not Annotated
ENSG00000241973,PI4KA,Not Annotated
ENSG00000073921,PICALM,Not Annotated
ENSG00000154864,PIEZO2,Not Annotated
ENSG00000124155,PIGT,Not Annotated
ENSG00000155629,PIK3AP1,Not Annotated
ENSG00000011405,PIK3C2A,Not Annotated
ENSG00000133056,PIK3C2B,Not Annotated
ENSG00000139144,PIK3C2G,Not Annotated
ENSG00000078142,PIK3C3,Not Annotated
ENSG00000121879,PIK3CA,Not Annotated
ENSG00000051382,PIK3CB,Not Annotated
ENSG00000171608,PIK3CD,Not Annotated
ENSG00000105851,PIK3CG,Not Annotated
ENSG00000100100,PIK3IP1,Not Annotated
ENSG00000145675,PIK3R1,Not Annotated
ENSG00000105647,PIK3R2,Not Annotated
ENSG00000196455,PIK3R4,Not Annotated
ENSG00000141506,PIK3R5,Not Annotated
ENSG00000276231,PIK3R6,Not Annotated
ENSG00000137193,PIM1,Not Annotated
ENSG00000090975,PITPNM2,Not Annotated
ENSG00000166473,PKD1L2,Not Annotated
ENSG00000170927,PKHD1,Not Annotated
ENSG00000205038,PKHD1L1,Not Annotated
ENSG00000144283,PKP4,Not Annotated
ENSG00000153246,PLA2R1,Not Annotated
ENSG00000181690,PLAG1,Not Annotated
ENSG00000163803,PLB1,Not Annotated
ENSG00000101333,PLCB4,Not Annotated
ENSG00000187091,PLCD1,Not Annotated
ENSG00000138193,PLCE1,Not Annotated
ENSG00000124181,PLCG1,Not Annotated
ENSG00000197943,PLCG2,Not Annotated
ENSG00000149527,PLCH2,Not Annotated
ENSG00000178209,PLEC,Not Annotated
ENSG00000106086,PLEKHA8,Not Annotated
ENSG00000114698,PLSCR4,Not Annotated
ENSG00000076356,PLXNA2,Not Annotated
ENSG00000130827,PLXNA3,Not Annotated
ENSG00000196576,PLXNB2,Not Annotated
ENSG00000004399,PLXND1,Not Annotated
ENSG00000140464,PML,Not Annotated
ENSG00000064933,PMS1,Not Annotated
ENSG00000122512,PMS2,Not Annotated
ENSG00000127838,PNKD,Not Annotated
ENSG00000203837,PNLIPRP3,Not Annotated
ENSG00000100941,PNN,Not Annotated
ENSG00000130653,PNPLA7,Not Annotated
ENSG00000146278,PNRC1,Not Annotated
ENSG00000132000,PODNL1,Not Annotated
ENSG00000124429,POF1B,Not Annotated
ENSG00000062822,POLD1,Not Annotated
ENSG00000177084,POLE,Not Annotated
ENSG00000140521,POLG,Not Annotated
ENSG00000051341,POLQ,Not Annotated
ENSG00000099821,POLRMT,Not Annotated
ENSG00000102312,PORCN,Not Annotated
ENSG00000128513,POT1,Not Annotated
ENSG00000183206,POTEC,Not Annotated
ENSG00000166351,POTED,Not Annotated
ENSG00000110777,POU2AF1,Not Annotated
ENSG00000028277,POU2F2,Not Annotated
ENSG00000204531,POU5F1,Not Annotated
ENSG00000112033,PPARD,Not Annotated
ENSG00000132170,PPARG,Not Annotated
ENSG00000110841,PPFIBP1,Not Annotated
ENSG00000236334,PPIAL4G,Not Annotated
ENSG00000170836,PPM1D,Not Annotated
ENSG00000155367,PPM1J,Not Annotated
ENSG00000163590,PPM1L,Not Annotated
ENSG00000087074,PPP1R15A,Not Annotated
ENSG00000154415,PPP1R3A,Not Annotated
ENSG00000158528,PPP1R9A,Not Annotated
ENSG00000105568,PPP2R1A,Not Annotated
ENSG00000066027,PPP2R5A,Not Annotated
ENSG00000138814,PPP3CA,Not Annotated
ENSG00000119414,PPP6C,Not Annotated
ENSG00000100239,PPP6R2,Not Annotated
ENSG00000121335,PRB2,Not Annotated
ENSG00000230657,PRB4,Not Annotated
ENSG00000143294,PRCC,Not Annotated
ENSG00000057657,PRDM1,Not Annotated
ENSG00000142611,PRDM16,Not Annotated
ENSG00000116731,PRDM2,Not Annotated
ENSG00000164256,PRDM9,Not Annotated
ENSG00000046889,PREX2,Not Annotated
ENSG00000180644,PRF1,Not Annotated
ENSG00000116690,PRG4,Not Annotated
ENSG00000131791,PRKAB2,Not Annotated
ENSG00000072062,PRKACA,Not Annotated
ENSG00000108946,PRKAR1A,Not Annotated
ENSG00000166501,PRKCB,Not Annotated
ENSG00000126583,PRKCG,Not Annotated
ENSG00000163558,PRKCI,Not Annotated
ENSG00000065675,PRKCQ,Not Annotated
ENSG00000067606,PRKCZ,Not Annotated
ENSG00000184304,PRKD1,Not Annotated
ENSG00000183943,PRKX,Not Annotated
ENSG00000113494,PRLR,Not Annotated
ENSG00000101292,PROKR2,Not Annotated
ENSG00000007062,PROM1,Not Annotated
ENSG00000120685,PROSER1,Not Annotated
ENSG00000110844,PRPF40B,Not Annotated
ENSG00000116132,PRRX1,Not Annotated
ENSG00000204983,PRSS1,Not Annotated
ENSG00000106772,PRUNE2,Not Annotated
ENSG00000105227,PRX,Not Annotated
ENSG00000164985,PSIP1,Not Annotated
ENSG00000185920,PTCH1,Not Annotated
ENSG00000244694,PTCHD4,Not Annotated
ENSG00000171862,PTEN,Not Annotated
ENSG00000122420,PTGFR,Not Annotated
ENSG00000134247,PTGFRN,Not Annotated
ENSG00000169398,PTK2,Not Annotated
ENSG00000120899,PTK2B,Not Annotated
ENSG00000101213,PTK6,Not Annotated
ENSG00000187514,PTMA,Not Annotated
ENSG00000105894,PTN,Not Annotated
ENSG00000158079,PTPDC1,Not Annotated
ENSG00000196396,PTPN1,Not Annotated
ENSG00000179295,PTPN11,Not Annotated
ENSG00000127947,PTPN12,Not Annotated
ENSG00000163629,PTPN13,Not Annotated
ENSG00000152104,PTPN14,Not Annotated
ENSG00000175354,PTPN2,Not Annotated
ENSG00000134242,PTPN22,Not Annotated
ENSG00000111679,PTPN6,Not Annotated
ENSG00000127329,PTPRB,Not Annotated
ENSG00000081237,PTPRC,Not Annotated
ENSG00000153707,PTPRD,Not Annotated
ENSG00000152894,PTPRK,Not Annotated
ENSG00000151490,PTPRO,Not Annotated
ENSG00000196090,PTPRT,Not Annotated
ENSG00000060656,PTPRU,Not Annotated
ENSG00000213413,PVRIG,Not Annotated
ENSG00000170234,PWWP2A,Not Annotated
ENSG00000130508,PXDN,Not Annotated
ENSG00000101417,PXMP4,Not Annotated
ENSG00000112531,QKI,Not Annotated
ENSG00000172476,RAB40A,Not Annotated
ENSG00000188060,RAB42,Not Annotated
ENSG00000029725,RABEP1,Not Annotated
ENSG00000136238,RAC1,Not Annotated
ENSG00000152942,RAD17,Not Annotated
ENSG00000164754,RAD21,Not Annotated
ENSG00000182185,RAD51B,Not Annotated
ENSG00000157927,RADIL,Not Annotated
ENSG00000132155,RAF1,Not Annotated
ENSG00000166349,RAG1,Not Annotated
ENSG00000175097,RAG2,Not Annotated
ENSG00000160271,RALGDS,Not Annotated
ENSG00000153201,RANBP2,Not Annotated
ENSG00000137040,RANBP6,Not Annotated
ENSG00000010017,RANBP9,Not Annotated
ENSG00000138698,RAP1GDS1,Not Annotated
ENSG00000107263,RAPGEF1,Not Annotated
ENSG00000136237,RAPGEF5,Not Annotated
ENSG00000131759,RARA,Not Annotated
ENSG00000145715,RASA1,Not Annotated
ENSG00000111344,RASAL1,Not Annotated
ENSG00000198915,RASGEF1A,Not Annotated
ENSG00000146090,RASGEF1C,Not Annotated
ENSG00000113319,RASGRF2,Not Annotated
ENSG00000068831,RASGRP2,Not Annotated
ENSG00000169435,RASSF6,Not Annotated
ENSG00000123094,RASSF8,Not Annotated
ENSG00000139687,RB1,Not Annotated
ENSG00000122257,RBBP6,Not Annotated
ENSG00000182872,RBM10,Not Annotated
ENSG00000244462,RBM12,Not Annotated
ENSG00000162775,RBM15,Not Annotated
ENSG00000091009,RBM27,Not Annotated
ENSG00000131051,RBM39,Not Annotated
ENSG00000147274,RBMX,Not Annotated
ENSG00000175718,RBMXL3,Not Annotated
ENSG00000168214,RBPJ,Not Annotated
ENSG00000172348,RCAN2,Not Annotated
ENSG00000160957,RECQL4,Not Annotated
ENSG00000162924,REL,Not Annotated
ENSG00000173039,RELA,Not Annotated
ENSG00000104856,RELB,Not Annotated
ENSG00000189056,RELN,Not Annotated
ENSG00000165731,RET,Not Annotated
ENSG00000009413,REV3L,Not Annotated
ENSG00000035928,RFC1,Not Annotated
ENSG00000178882,RFLNA,Not Annotated
ENSG00000131378,RFTN1,Not Annotated
ENSG00000168411,RFWD3,Not Annotated
ENSG00000185002,RFX6,Not Annotated
ENSG00000143344,RGL1,Not Annotated
ENSG00000153165,RGPD3,Not Annotated
ENSG00000159788,RGS12,Not Annotated
ENSG00000182901,RGS7,Not Annotated
ENSG00000132677,RHBG,Not Annotated
ENSG00000106615,RHEB,Not Annotated
ENSG00000067560,RHOA,Not Annotated
ENSG00000143878,RHOB,Not Annotated
ENSG00000168421,RHOH,Not Annotated
ENSG00000131941,RHPN2,Not Annotated
ENSG00000164327,RICTOR,Not Annotated
ENSG00000060709,RIMBP2,Not Annotated
ENSG00000079841,RIMS1,Not Annotated
ENSG00000176406,RIMS2,Not Annotated
ENSG00000058729,RIOK2,Not Annotated
ENSG00000137275,RIPK1,Not Annotated
ENSG00000143622,RIT1,Not Annotated
ENSG00000152214,RIT2,Not Annotated
ENSG00000175643,RMI2,Not Annotated
ENSG00000239305,RNF103,Not Annotated
ENSG00000157450,RNF111,Not Annotated
ENSG00000163961,RNF168,Not Annotated
ENSG00000155827,RNF20,Not Annotated
ENSG00000158286,RNF207,Not Annotated
ENSG00000173821,RNF213,Not Annotated
ENSG00000108375,RNF43,Not Annotated
ENSG00000185008,ROBO2,Not Annotated
ENSG00000047936,ROS1,Not Annotated
ENSG00000183638,RP1L1,Not Annotated
ENSG00000156313,RPGR,Not Annotated
ENSG00000147403,RPL10,Not Annotated
ENSG00000116251,RPL22,Not Annotated
ENSG00000122406,RPL5,Not Annotated
ENSG00000163902,RPN1,Not Annotated
ENSG00000110700,RPS13,Not Annotated
ENSG00000115268,RPS15,Not Annotated
ENSG00000140988,RPS2,Not Annotated
ENSG00000177954,RPS27,Not Annotated
ENSG00000177189,RPS6KA3,Not Annotated
ENSG00000141564,RPTOR,Not Annotated
ENSG00000126458,RRAS,Not Annotated
ENSG00000133818,RRAS2,Not Annotated
ENSG00000124782,RREB1,Not Annotated
ENSG00000187257,RSBN1L,Not Annotated
ENSG00000100218,RSPH14,Not Annotated
ENSG00000147655,RSPO2,Not Annotated
ENSG00000146374,RSPO3,Not Annotated
ENSG00000243978,RTL9,Not Annotated
ENSG00000176225,RTTN,Not Annotated
ENSG00000176783,RUFY1,Not Annotated
ENSG00000159216,RUNX1,Not Annotated
ENSG00000079102,RUNX1T1,Not Annotated
ENSG00000182631,RXFP3,Not Annotated
ENSG00000186350,RXRA,Not Annotated
ENSG00000196218,RYR1,Not Annotated
ENSG00000198626,RYR2,Not Annotated
ENSG00000143556,S100A7,Not Annotated
ENSG00000170989,S1PR1,Not Annotated
ENSG00000267534,S1PR2,Not Annotated
ENSG00000151835,SACS,Not Annotated
ENSG00000181433,SAGE1,Not Annotated
ENSG00000103449,SALL1,Not Annotated
ENSG00000256463,SALL3,Not Annotated
ENSG00000101115,SALL4,Not Annotated
ENSG00000177409,SAMD9L,Not Annotated
ENSG00000101347,SAMHD1,Not Annotated
ENSG00000100347,SAMM50,Not Annotated
ENSG00000119042,SATB2,Not Annotated
ENSG00000151748,SAV1,Not Annotated
ENSG00000126524,SBDS,Not Annotated
ENSG00000189001,SBSN,Not Annotated
ENSG00000156304,SCAF4,Not Annotated
ENSG00000140386,SCAPER,Not Annotated
ENSG00000185313,SCN10A,Not Annotated
ENSG00000168356,SCN11A,Not Annotated
ENSG00000183873,SCN5A,Not Annotated
ENSG00000169432,SCN9A,Not Annotated
ENSG00000146197,SCUBE3,Not Annotated
ENSG00000124145,SDC4,Not Annotated
ENSG00000073578,SDHA,Not Annotated
ENSG00000167985,SDHAF2,Not Annotated
ENSG00000117118,SDHB,Not Annotated
ENSG00000143252,SDHC,Not Annotated
ENSG00000204370,SDHD,Not Annotated
ENSG00000146555,SDK1,Not Annotated
ENSG00000069188,SDK2,Not Annotated
ENSG00000174175,SELP,Not Annotated
ENSG00000075223,SEMA3C,Not Annotated
ENSG00000170381,SEMA3E,Not Annotated
ENSG00000112902,SEMA5A,Not Annotated
ENSG00000082684,SEMA5B,Not Annotated
ENSG00000124233,SEMG1,Not Annotated
ENSG00000140623,SEPT12,Not Annotated
ENSG00000184702,SEPT5,Not Annotated
ENSG00000125354,SEPT6,Not Annotated
ENSG00000184640,SEPT9,Not Annotated
ENSG00000183569,SERHL2,Not Annotated
ENSG00000197249,SERPINA1,Not Annotated
ENSG00000165953,SERPINA12,Not Annotated
ENSG00000197641,SERPINB13,Not Annotated
ENSG00000149131,SERPING1,Not Annotated
ENSG00000119335,SET,Not Annotated
ENSG00000152217,SETBP1,Not Annotated
ENSG00000139718,SETD1B,Not Annotated
ENSG00000181555,SETD2,Not Annotated
ENSG00000143379,SETDB1,Not Annotated
ENSG00000168066,SF1,Not Annotated
ENSG00000115524,SF3B1,Not Annotated
ENSG00000116560,SFPQ,Not Annotated
ENSG00000106483,SFRP4,Not Annotated
ENSG00000183605,SFXN4,Not Annotated
ENSG00000118515,SGK1,Not Annotated
ENSG00000111252,SH2B3,Not Annotated
ENSG00000141985,SH3GL1,Not Annotated
ENSG00000161681,SHANK1,Not Annotated
ENSG00000162105,SHANK2,Not Annotated
ENSG00000160410,SHKBP1,Not Annotated
ENSG00000146414,SHPRH,Not Annotated
ENSG00000144736,SHQ1,Not Annotated
ENSG00000138771,SHROOM3,Not Annotated
ENSG00000187164,SHTN1,Not Annotated
ENSG00000090402,SI,Not Annotated
ENSG00000105366,SIGLEC8,Not Annotated
ENSG00000169375,SIN3A,Not Annotated
ENSG00000127511,SIN3B,Not Annotated
ENSG00000198053,SIRPA,Not Annotated
ENSG00000101307,SIRPB1,Not Annotated
ENSG00000196209,SIRPB2,Not Annotated
ENSG00000089163,SIRT4,Not Annotated
ENSG00000126778,SIX1,Not Annotated
ENSG00000170577,SIX2,Not Annotated
ENSG00000157933,SKI,Not Annotated
ENSG00000145604,SKP2,Not Annotated
ENSG00000140199,SLC12A6,Not Annotated
ENSG00000088386,SLC15A1,Not Annotated
ENSG00000163406,SLC15A2,Not Annotated
ENSG00000168679,SLC16A4,Not Annotated
ENSG00000119899,SLC17A5,Not Annotated
ENSG00000079215,SLC1A3,Not Annotated
ENSG00000105143,SLC1A6,Not Annotated
ENSG00000091138,SLC26A3,Not Annotated
ENSG00000174669,SLC29A2,Not Annotated
ENSG00000151229,SLC2A13,Not Annotated
ENSG00000157765,SLC34A2,Not Annotated
ENSG00000188338,SLC38A3,Not Annotated
ENSG00000166558,SLC38A8,Not Annotated
ENSG00000148482,SLC39A12,Not Annotated
ENSG00000143036,SLC44A3,Not Annotated
ENSG00000158715,SLC45A3,Not Annotated
ENSG00000144290,SLC4A10,Not Annotated
ENSG00000188687,SLC4A5,Not Annotated
ENSG00000198743,SLC5A3,Not Annotated
ENSG00000132164,SLC6A11,Not Annotated
ENSG00000072041,SLC6A15,Not Annotated
ENSG00000103546,SLC6A2,Not Annotated
ENSG00000142319,SLC6A3,Not Annotated
ENSG00000164893,SLC7A13,Not Annotated
ENSG00000103061,SLC7A6OS,Not Annotated
ENSG00000109062,SLC9A3R1,Not Annotated
ENSG00000162753,SLC9C2,Not Annotated
ENSG00000134538,SLCO1B1,Not Annotated
ENSG00000145147,SLIT2,Not Annotated
ENSG00000121871,SLITRK3,Not Annotated
ENSG00000165300,SLITRK5,Not Annotated
ENSG00000184564,SLITRK6,Not Annotated
ENSG00000126233,SLURP1,Not Annotated
ENSG00000175387,SMAD2,Not Annotated
ENSG00000166949,SMAD3,Not Annotated
ENSG00000141646,SMAD4,Not Annotated
ENSG00000102038,SMARCA1,Not Annotated
ENSG00000127616,SMARCA4,Not Annotated
ENSG00000099956,SMARCB1,Not Annotated
ENSG00000066117,SMARCD1,Not Annotated
ENSG00000073584,SMARCE1,Not Annotated
ENSG00000072501,SMC1A,Not Annotated
ENSG00000077935,SMC1B,Not Annotated
ENSG00000136824,SMC2,Not Annotated
ENSG00000108055,SMC3,Not Annotated
ENSG00000113810,SMC4,Not Annotated
ENSG00000157106,SMG1,Not Annotated
ENSG00000198952,SMG5,Not Annotated
ENSG00000070366,SMG6,Not Annotated
ENSG00000116698,SMG7,Not Annotated
ENSG00000167447,SMG8,Not Annotated
ENSG00000128602,SMO,Not Annotated
ENSG00000122692,SMU1,Not Annotated
ENSG00000108854,SMURF2,Not Annotated
ENSG00000197157,SND1,Not Annotated
ENSG00000162804,SNED1,Not Annotated
ENSG00000163788,SNRK,Not Annotated
ENSG00000077312,SNRPA,Not Annotated
ENSG00000120451,SNX19,Not Annotated
ENSG00000109762,SNX25,Not Annotated
ENSG00000048471,SNX29,Not Annotated
ENSG00000174226,SNX31,Not Annotated
ENSG00000162627,SNX7,Not Annotated
ENSG00000057252,SOAT1,Not Annotated
ENSG00000185338,SOCS1,Not Annotated
ENSG00000159140,SON,Not Annotated
ENSG00000108018,SORCS1,Not Annotated
ENSG00000184985,SORCS2,Not Annotated
ENSG00000115904,SOS1,Not Annotated
ENSG00000164736,SOX17,Not Annotated
ENSG00000181449,SOX2,Not Annotated
ENSG00000125285,SOX21,Not Annotated
ENSG00000134532,SOX5,Not Annotated
ENSG00000125398,SOX9,Not Annotated
ENSG00000155761,SPAG17,Not Annotated
ENSG00000268988,SPANXN2,Not Annotated
ENSG00000133104,SPART,Not Annotated
ENSG00000163071,SPATA18,Not Annotated
ENSG00000128487,SPECC1,Not Annotated
ENSG00000065526,SPEN,Not Annotated
ENSG00000176170,SPHK1,Not Annotated
ENSG00000153820,SPHKAP,Not Annotated
ENSG00000197471,SPN,Not Annotated
ENSG00000121067,SPOP,Not Annotated
ENSG00000196805,SPRR2B,Not Annotated
ENSG00000168939,SPRY3,Not Annotated
ENSG00000163554,SPTA1,Not Annotated
ENSG00000197694,SPTAN1,Not Annotated
ENSG00000070182,SPTB,Not Annotated
ENSG00000173898,SPTBN2,Not Annotated
ENSG00000160460,SPTBN4,Not Annotated
ENSG00000137877,SPTBN5,Not Annotated
ENSG00000197122,SRC,Not Annotated
ENSG00000080603,SRCAP,Not Annotated
ENSG00000196220,SRGAP3,Not Annotated
ENSG00000101955,SRPX,Not Annotated
ENSG00000087087,SRRT,Not Annotated
ENSG00000136450,SRSF1,Not Annotated
ENSG00000161547,SRSF2,Not Annotated
ENSG00000112081,SRSF3,Not Annotated
ENSG00000141380,SS18,Not Annotated
ENSG00000184402,SS18L1,Not Annotated
ENSG00000138385,SSB,Not Annotated
ENSG00000084112,SSH1,Not Annotated
ENSG00000172830,SSH3,Not Annotated
ENSG00000126752,SSX1,Not Annotated
ENSG00000241476,SSX2,Not Annotated
ENSG00000268009,SSX4,Not Annotated
ENSG00000064225,ST3GAL6,Not Annotated
ENSG00000144057,ST6GAL2,Not Annotated
ENSG00000184005,ST6GALNAC3,Not Annotated
ENSG00000118007,STAG1,Not Annotated
ENSG00000101972,STAG2,Not Annotated
ENSG00000168610,STAT3,Not Annotated
ENSG00000138378,STAT4,Not Annotated
ENSG00000173757,STAT5B,Not Annotated
ENSG00000166888,STAT6,Not Annotated
ENSG00000159167,STC1,Not Annotated
ENSG00000123473,STIL,Not Annotated
ENSG00000167323,STIM1,Not Annotated
ENSG00000118046,STK11,Not Annotated
ENSG00000144589,STK11IP,Not Annotated
ENSG00000204344,STK19,Not Annotated
ENSG00000134602,STK26,Not Annotated
ENSG00000196335,STK31,Not Annotated
ENSG00000266173,STRADA,Not Annotated
ENSG00000115808,STRN,Not Annotated
ENSG00000111450,STX2,Not Annotated
ENSG00000060140,STYK1,Not Annotated
ENSG00000107882,SUFU,Not Annotated
ENSG00000173597,SULT1B1,Not Annotated
ENSG00000178691,SUZ12,Not Annotated
ENSG00000133789,SWAP70,Not Annotated
ENSG00000165025,SYK,Not Annotated
ENSG00000157152,SYN2,Not Annotated
ENSG00000135316,SYNCRIP,Not Annotated
ENSG00000131018,SYNE1,Not Annotated
ENSG00000054654,SYNE2,Not Annotated
ENSG00000176438,SYNE3,Not Annotated
ENSG00000108639,SYNGR2,Not Annotated
ENSG00000110975,SYT10,Not Annotated
ENSG00000132872,SYT4,Not Annotated
ENSG00000157625,TAB3,Not Annotated
ENSG00000147526,TACC1,Not Annotated
ENSG00000147133,TAF1,Not Annotated
ENSG00000064995,TAF11,Not Annotated
ENSG00000270647,TAF15,Not Annotated
ENSG00000122728,TAF1L,Not Annotated
ENSG00000162367,TAL1,Not Annotated
ENSG00000186051,TAL2,Not Annotated
ENSG00000168394,TAP1,Not Annotated
ENSG00000185899,TAS2R60,Not Annotated
ENSG00000108239,TBC1D12,Not Annotated
ENSG00000266733,TBC1D29P,Not Annotated
ENSG00000146350,TBC1D32,Not Annotated
ENSG00000274808,TBC1D3B,Not Annotated
ENSG00000183735,TBK1,Not Annotated
ENSG00000177565,TBL1XR1,Not Annotated
ENSG00000112592,TBP,Not Annotated
ENSG00000136535,TBR1,Not Annotated
ENSG00000112837,TBX18,Not Annotated
ENSG00000122145,TBX22,Not Annotated
ENSG00000135111,TBX3,Not Annotated
ENSG00000187735,TCEA1,Not Annotated
ENSG00000113649,TCERG1,Not Annotated
ENSG00000140262,TCF12,Not Annotated
ENSG00000071564,TCF3,Not Annotated
ENSG00000081059,TCF7,Not Annotated
ENSG00000148737,TCF7L2,Not Annotated
ENSG00000159450,TCHH,Not Annotated
ENSG00000100721,TCL1A,Not Annotated
ENSG00000124678,TCP11,Not Annotated
ENSG00000166046,TCP11L2,Not Annotated
ENSG00000139372,TDG,Not Annotated
ENSG00000095627,TDRD1,Not Annotated
ENSG00000163239,TDRD10,Not Annotated
ENSG00000135605,TEC,Not Annotated
ENSG00000145934,TENM2,Not Annotated
ENSG00000121274,TENT4B,Not Annotated
ENSG00000183508,TENT5C,Not Annotated
ENSG00000174016,TENT5D,Not Annotated
ENSG00000129566,TEP1,Not Annotated
ENSG00000164362,TERT,Not Annotated
ENSG00000138336,TET1,Not Annotated
ENSG00000168769,TET2,Not Annotated
ENSG00000187605,TET3,Not Annotated
ENSG00000121101,TEX14,Not Annotated
ENSG00000133863,TEX15,Not Annotated
ENSG00000008197,TFAP2D,Not Annotated
ENSG00000090447,TFAP4,Not Annotated
ENSG00000198176,TFDP1,Not Annotated
ENSG00000068323,TFE3,Not Annotated
ENSG00000112561,TFEB,Not Annotated
ENSG00000114354,TFG,Not Annotated
ENSG00000105619,TFPT,Not Annotated
ENSG00000072274,TFRC,Not Annotated
ENSG00000042832,TG,Not Annotated
ENSG00000163235,TGFA,Not Annotated
ENSG00000106799,TGFBR1,Not Annotated
ENSG00000163513,TGFBR2,Not Annotated
ENSG00000069702,TGFBR3,Not Annotated
ENSG00000177426,TGIF1,Not Annotated
ENSG00000092295,TGM1,Not Annotated
ENSG00000137492,THAP12,Not Annotated
ENSG00000137801,THBS1,Not Annotated
ENSG00000186340,THBS2,Not Annotated
ENSG00000054118,THRAP3,Not Annotated
ENSG00000005108,THSD7A,Not Annotated
ENSG00000144229,THSD7B,Not Annotated
ENSG00000134375,TIMM17A,Not Annotated
ENSG00000151005,TKTL2,Not Annotated
ENSG00000196781,TLE1,Not Annotated
ENSG00000106829,TLE4,Not Annotated
ENSG00000038295,TLL1,Not Annotated
ENSG00000095587,TLL2,Not Annotated
ENSG00000137462,TLR2,Not Annotated
ENSG00000136869,TLR4,Not Annotated
ENSG00000187554,TLR5,Not Annotated
ENSG00000174130,TLR6,Not Annotated
ENSG00000196664,TLR7,Not Annotated
ENSG00000239732,TLR9,Not Annotated
ENSG00000107807,TLX1,Not Annotated
ENSG00000164438,TLX3,Not Annotated
ENSG00000163762,TM4SF18,Not Annotated
ENSG00000100926,TM9SF1,Not Annotated
ENSG00000162542,TMCO4,Not Annotated
ENSG00000135956,TMEM127,Not Annotated
ENSG00000139364,TMEM132B,Not Annotated
ENSG00000151952,TMEM132D,Not Annotated
ENSG00000105677,TMEM147,Not Annotated
ENSG00000244045,TMEM199,Not Annotated
ENSG00000188807,TMEM201,Not Annotated
ENSG00000187049,TMEM216,Not Annotated
ENSG00000187824,TMEM220,Not Annotated
ENSG00000135185,TMEM243,Not Annotated
ENSG00000112697,TMEM30A,Not Annotated
ENSG00000088726,TMEM40,Not Annotated
ENSG00000167920,TMEM99,Not Annotated
ENSG00000187054,TMPRSS11A,Not Annotated
ENSG00000153802,TMPRSS11D,Not Annotated
ENSG00000137747,TMPRSS13,Not Annotated
ENSG00000184012,TMPRSS2,Not Annotated
ENSG00000205542,TMSB4X,Not Annotated
ENSG00000179104,TMTC2,Not Annotated
ENSG00000139324,TMTC3,Not Annotated
ENSG00000041982,TNC,Not Annotated
ENSG00000204490,TNF,Not Annotated
ENSG00000118503,TNFAIP3,Not Annotated
ENSG00000123610,TNFAIP6,Not Annotated
ENSG00000104689,TNFRSF10A,Not Annotated
ENSG00000157873,TNFRSF14,Not Annotated
ENSG00000048462,TNFRSF17,Not Annotated
ENSG00000028137,TNFRSF1B,Not Annotated
ENSG00000121858,TNFSF10,Not Annotated
ENSG00000106952,TNFSF8,Not Annotated
ENSG00000120332,TNN,Not Annotated
ENSG00000116147,TNR,Not Annotated
ENSG00000090905,TNRC6A,Not Annotated
ENSG00000198900,TOP1,Not Annotated
ENSG00000198846,TOX,Not Annotated
ENSG00000141510,TP53,Not Annotated
ENSG00000067369,TP53BP1,Not Annotated
ENSG00000143514,TP53BP2,Not Annotated
ENSG00000164938,TP53INP1,Not Annotated
ENSG00000073282,TP63,Not Annotated
ENSG00000078900,TP73,Not Annotated
ENSG00000143549,TPM3,Not Annotated
ENSG00000167460,TPM4,Not Annotated
ENSG00000115705,TPO,Not Annotated
ENSG00000047410,TPR,Not Annotated
ENSG00000132958,TPTE2,Not Annotated
ENSG00000088325,TPX2,Not Annotated
ENSG00000127191,TRAF2,Not Annotated
ENSG00000131323,TRAF3,Not Annotated
ENSG00000082512,TRAF5,Not Annotated
ENSG00000175104,TRAF6,Not Annotated
ENSG00000131653,TRAF7,Not Annotated
ENSG00000182606,TRAK1,Not Annotated
ENSG00000124496,TRERF1,Not Annotated
ENSG00000072657,TRHDE,Not Annotated
ENSG00000113595,TRIM23,Not Annotated
ENSG00000122779,TRIM24,Not Annotated
ENSG00000204713,TRIM27,Not Annotated
ENSG00000197323,TRIM33,Not Annotated
ENSG00000108395,TRIM37,Not Annotated
ENSG00000150244,TRIM48,Not Annotated
ENSG00000124900,TRIM51,Not Annotated
ENSG00000162722,TRIM58,Not Annotated
ENSG00000038382,TRIO,Not Annotated
ENSG00000100106,TRIOBP,Not Annotated
ENSG00000100815,TRIP11,Not Annotated
ENSG00000153827,TRIP12,Not Annotated
ENSG00000067445,TRO,Not Annotated
ENSG00000116747,TROVE2,Not Annotated
ENSG00000104321,TRPA1,Not Annotated
ENSG00000134160,TRPM1,Not Annotated
ENSG00000142185,TRPM2,Not Annotated
ENSG00000083067,TRPM3,Not Annotated
ENSG00000104447,TRPS1,Not Annotated
ENSG00000127412,TRPV5,Not Annotated
ENSG00000165125,TRPV6,Not Annotated
ENSG00000196367,TRRAP,Not Annotated
ENSG00000165699,TSC1,Not Annotated
ENSG00000103197,TSC2,Not Annotated
ENSG00000102804,TSC22D1,Not Annotated
ENSG00000165409,TSHR,Not Annotated
ENSG00000182463,TSHZ2,Not Annotated
ENSG00000121297,TSHZ3,Not Annotated
ENSG00000175894,TSPEAR,Not Annotated
ENSG00000184205,TSPYL2,Not Annotated
ENSG00000112742,TTK,Not Annotated
ENSG00000119685,TTLL5,Not Annotated
ENSG00000131044,TTLL9,Not Annotated
ENSG00000155657,TTN,Not Annotated
ENSG00000198033,TUBA3C,Not Annotated
ENSG00000128159,TUBGCP6,Not Annotated
ENSG00000107815,TWNK,Not Annotated
ENSG00000204193,TXNDC8,Not Annotated
ENSG00000265972,TXNIP,Not Annotated
ENSG00000107165,TYRP1,Not Annotated
ENSG00000156521,TYSND1,Not Annotated
ENSG00000160201,U2AF1,Not Annotated
ENSG00000063244,U2AF2,Not Annotated
ENSG00000137831,UACA,Not Annotated
ENSG00000126261,UBA2,Not Annotated
ENSG00000033178,UBA6,Not Annotated
ENSG00000170315,UBB,Not Annotated
ENSG00000077721,UBE2A,Not Annotated
ENSG00000072401,UBE2D1,Not Annotated
ENSG00000159459,UBR1,Not Annotated
ENSG00000144357,UBR3,Not Annotated
ENSG00000104517,UBR5,Not Annotated
ENSG00000116750,UCHL5,Not Annotated
ENSG00000135220,UGT2A3,Not Annotated
ENSG00000109181,UGT2B10,Not Annotated
ENSG00000083290,ULK2,Not Annotated
ENSG00000137766,UNC13C,Not Annotated
ENSG00000182168,UNC5C,Not Annotated
ENSG00000156687,UNC5D,Not Annotated
ENSG00000144406,UNC80,Not Annotated
ENSG00000164853,UNCX,Not Annotated
ENSG00000135763,URB2,Not Annotated
ENSG00000042781,USH2A,Not Annotated
ENSG00000103194,USP10,Not Annotated
ENSG00000058056,USP13,Not Annotated
ENSG00000156256,USP16,Not Annotated
ENSG00000155313,USP25,Not Annotated
ENSG00000048028,USP28,Not Annotated
ENSG00000131864,USP29,Not Annotated
ENSG00000103404,USP31,Not Annotated
ENSG00000136014,USP44,Not Annotated
ENSG00000111667,USP5,Not Annotated
ENSG00000129204,USP6,Not Annotated
ENSG00000187555,USP7,Not Annotated
ENSG00000138592,USP8,Not Annotated
ENSG00000124486,USP9X,Not Annotated
ENSG00000120800,UTP20,Not Annotated
ENSG00000173218,VANGL1,Not Annotated
ENSG00000137411,VARS2,Not Annotated
ENSG00000141968,VAV1,Not Annotated
ENSG00000038427,VCAN,Not Annotated
ENSG00000205642,VCX3B,Not Annotated
ENSG00000136451,VEZF1,Not Annotated
ENSG00000134086,VHL,Not Annotated
ENSG00000136059,VILL,Not Annotated
ENSG00000160131,VMA21,Not Annotated
ENSG00000228567,VN1R4,Not Annotated
ENSG00000132549,VPS13B,Not Annotated
ENSG00000151532,VTI1A,Not Annotated
ENSG00000204396,VWA7,Not Annotated
ENSG00000110799,VWF,Not Annotated
ENSG00000169085,VXN,Not Annotated
ENSG00000095787,WAC,Not Annotated
ENSG00000062650,WAPL,Not Annotated
ENSG00000015285,WAS,Not Annotated
ENSG00000132970,WASF3,Not Annotated
ENSG00000163026,WDCP,Not Annotated
ENSG00000163625,WDFY3,Not Annotated
ENSG00000138442,WDR12,Not Annotated
ENSG00000127580,WDR24,Not Annotated
ENSG00000196998,WDR45,Not Annotated
ENSG00000162843,WDR64,Not Annotated
ENSG00000115368,WDR75,Not Annotated
ENSG00000187260,WDR86,Not Annotated
ENSG00000142784,WDTC1,Not Annotated
ENSG00000156076,WIF1,Not Annotated
ENSG00000171475,WIPF2,Not Annotated
ENSG00000060237,WNK1,Not Annotated
ENSG00000165238,WNK2,Not Annotated
ENSG00000105989,WNT2,Not Annotated
ENSG00000111186,WNT5B,Not Annotated
ENSG00000165392,WRN,Not Annotated
ENSG00000184937,WT1,Not Annotated
ENSG00000123124,WWP1,Not Annotated
ENSG00000018408,WWTR1,Not Annotated
ENSG00000100219,XBP1,Not Annotated
ENSG00000163092,XIRP2,Not Annotated
ENSG00000136936,XPA,Not Annotated
ENSG00000154767,XPC,Not Annotated
ENSG00000122121,XPNPEP2,Not Annotated
ENSG00000082898,XPO1,Not Annotated
ENSG00000132953,XPO4,Not Annotated
ENSG00000114127,XRN1,Not Annotated
ENSG00000127337,YEATS4,Not Annotated
ENSG00000198492,YTHDF2,Not Annotated
ENSG00000108953,YWHAE,Not Annotated
ENSG00000146839,ZAN,Not Annotated
ENSG00000109906,ZBTB16,Not Annotated
ENSG00000181722,ZBTB20,Not Annotated
ENSG00000168795,ZBTB5,Not Annotated
ENSG00000178951,ZBTB7A,Not Annotated
ENSG00000160685,ZBTB7B,Not Annotated
ENSG00000163874,ZC3H12A,Not Annotated
ENSG00000174460,ZCCHC12,Not Annotated
ENSG00000033030,ZCCHC8,Not Annotated
ENSG00000204186,ZDBF2,Not Annotated
ENSG00000136247,ZDHHC4,Not Annotated
ENSG00000148516,ZEB1,Not Annotated
ENSG00000169554,ZEB2,Not Annotated
ENSG00000140836,ZFHX3,Not Annotated
ENSG00000091656,ZFHX4,Not Annotated
ENSG00000185650,ZFP36L1,Not Annotated
ENSG00000152518,ZFP36L2,Not Annotated
ENSG00000186660,ZFP91,Not Annotated
ENSG00000105278,ZFR2,Not Annotated
ENSG00000005889,ZFX,Not Annotated
ENSG00000174992,ZG16,Not Annotated
ENSG00000178764,ZHX2,Not Annotated
ENSG00000152977,ZIC1,Not Annotated
ENSG00000156925,ZIC3,Not Annotated
ENSG00000174963,ZIC4,Not Annotated
ENSG00000108175,ZMIZ1,Not Annotated
ENSG00000121741,ZMYM2,Not Annotated
ENSG00000147130,ZMYM3,Not Annotated
ENSG00000004838,ZMYND10,Not Annotated
ENSG00000125846,ZNF133,Not Annotated
ENSG00000167384,ZNF180,Not Annotated
ENSG00000160321,ZNF208,Not Annotated
ENSG00000171940,ZNF217,Not Annotated
ENSG00000167380,ZNF226,Not Annotated
ENSG00000131115,ZNF227,Not Annotated
ENSG00000198538,ZNF28,Not Annotated
ENSG00000188994,ZNF292,Not Annotated
ENSG00000130844,ZNF331,Not Annotated
ENSG00000160094,ZNF362,Not Annotated
ENSG00000126746,ZNF384,Not Annotated
ENSG00000197013,ZNF429,Not Annotated
ENSG00000148143,ZNF462,Not Annotated
ENSG00000225614,ZNF469,Not Annotated
ENSG00000196263,ZNF471,Not Annotated
ENSG00000185177,ZNF479,Not Annotated
ENSG00000173258,ZNF483,Not Annotated
ENSG00000174586,ZNF497,Not Annotated
ENSG00000198795,ZNF521,Not Annotated
ENSG00000198597,ZNF536,Not Annotated
ENSG00000180938,ZNF572,Not Annotated
ENSG00000272602,ZNF595,Not Annotated
ENSG00000168916,ZNF608,Not Annotated
ENSG00000177842,ZNF620,Not Annotated
ENSG00000075292,ZNF638,Not Annotated
ENSG00000274349,ZNF658,Not Annotated
ENSG00000167394,ZNF668,Not Annotated
ENSG00000197928,ZNF677,Not Annotated
ENSG00000143373,ZNF687,Not Annotated
ENSG00000141579,ZNF750,Not Annotated
ENSG00000196417,ZNF765,Not Annotated
ENSG00000198146,ZNF770,Not Annotated
ENSG00000170396,ZNF804A,Not Annotated
ENSG00000182348,ZNF804B,Not Annotated
ENSG00000197933,ZNF823,Not Annotated
ENSG00000198783,ZNF830,Not Annotated
ENSG00000124203,ZNF831,Not Annotated
ENSG00000223547,ZNF844,Not Annotated
ENSG00000213973,ZNF99,Not Annotated
ENSG00000183579,ZNRF3,Not Annotated
ENSG00000121988,ZRANB3,Not Annotated
ENSG00000169249,ZRSR2,Not Annotated
ENSG00000132801,ZSWIM3,Not Annotated
ENSG00000174442,ZWILCH,Not Annotated
ENSG00000074755,ZZEF1,Not Annotated
